create database PowerBI_SQL_Data;
use PowerBI_SQL_Data;

CREATE TABLE DepartmentData (
    DepartmentID INT PRIMARY KEY,
    DepartmentName VARCHAR(50)
);

CREATE TABLE CustomerData (
    CustomerID INT PRIMARY KEY,
    Name VARCHAR(100),
    Region VARCHAR(50),
    Segment VARCHAR(50),
    Email VARCHAR(100)
);

CREATE TABLE ProductData (
    ProductID INT PRIMARY KEY,
    ProductName VARCHAR(100),
    Category VARCHAR(50),
    Price DECIMAL(10 , 2 ),
    Supplier VARCHAR(100)
);

CREATE TABLE EmployeeData (
    EmployeeID INT PRIMARY KEY,
    Name VARCHAR(100),
    DepartmentID INT,
    HireDate DATE,
    Email VARCHAR(100),
    FOREIGN KEY (DepartmentID)
        REFERENCES DepartmentData (DepartmentID)
);

CREATE TABLE SalesData (
    SaleID INT PRIMARY KEY,
    SaleDate DATE,
    CustomerID INT,
    ProductID INT,
    EmployeeID INT,
    Quantity INT,
    UnitPrice DECIMAL(10 , 2 ),
    TotalSale DECIMAL(10 , 2 ),
    FOREIGN KEY (CustomerID)
        REFERENCES CustomerData (CustomerID),
    FOREIGN KEY (ProductID)
        REFERENCES ProductData (ProductID),
    FOREIGN KEY (EmployeeID)
        REFERENCES EmployeeData (EmployeeID)
);

CREATE TABLE FinancialData (
    ExpenseID INT PRIMARY KEY,
    ExpenseDate DATE,
    Category VARCHAR(50),
    Amount DECIMAL(10 , 2 ),
    DepartmentID INT,
    FOREIGN KEY (DepartmentID)
        REFERENCES DepartmentData (DepartmentID)
);

select * from financialdata;



INSERT INTO DepartmentData VALUES
(1,'Sales'),
(2,'Finance'),
(3,'HR'),
(4,'IT'),
(5,'Operations');

INSERT INTO CustomerData VALUES
(1,'Customer 1','North','Retail','customer1@example.com'),
(2,'Customer 2','East','Retail','customer2@example.com'),
(3,'Customer 3','South','Retail','customer3@example.com'),
(4,'Customer 4','North','SME','customer4@example.com'),
(5,'Customer 5','Central','Retail','customer5@example.com'),
(6,'Customer 6','Central','Corporate','customer6@example.com'),
(7,'Customer 7','North','Retail','customer7@example.com'),
(8,'Customer 8','North','Retail','customer8@example.com'),
(9,'Customer 9','South','SME','customer9@example.com'),
(10,'Customer 10','Central','Retail','customer10@example.com'),
(11,'Customer 11','Central','Retail','customer11@example.com'),
(12,'Customer 12','Central','Corporate','customer12@example.com'),
(13,'Customer 13','South','Corporate','customer13@example.com'),
(14,'Customer 14','Central','Corporate','customer14@example.com'),
(15,'Customer 15','North','Retail','customer15@example.com'),
(16,'Customer 16','West','Corporate','customer16@example.com'),
(17,'Customer 17','East','Retail','customer17@example.com'),
(18,'Customer 18','South','Corporate','customer18@example.com'),
(19,'Customer 19','North','Retail','customer19@example.com'),
(20,'Customer 20','West','Retail','customer20@example.com'),
(21,'Customer 21','East','Corporate','customer21@example.com'),
(22,'Customer 22','Central','Corporate','customer22@example.com'),
(23,'Customer 23','North','SME','customer23@example.com'),
(24,'Customer 24','West','SME','customer24@example.com'),
(25,'Customer 25','North','Corporate','customer25@example.com'),
(26,'Customer 26','North','SME','customer26@example.com'),
(27,'Customer 27','East','SME','customer27@example.com'),
(28,'Customer 28','Central','Corporate','customer28@example.com'),
(29,'Customer 29','Central','Retail','customer29@example.com'),
(30,'Customer 30','North','Retail','customer30@example.com'),
(31,'Customer 31','South','Corporate','customer31@example.com'),
(32,'Customer 32','North','Retail','customer32@example.com'),
(33,'Customer 33','North','Corporate','customer33@example.com'),
(34,'Customer 34','East','Corporate','customer34@example.com'),
(35,'Customer 35','East','Retail','customer35@example.com'),
(36,'Customer 36','East','Corporate','customer36@example.com'),
(37,'Customer 37','South','SME','customer37@example.com'),
(38,'Customer 38','East','SME','customer38@example.com'),
(39,'Customer 39','North','SME','customer39@example.com'),
(40,'Customer 40','South','SME','customer40@example.com'),
(41,'Customer 41','South','Retail','customer41@example.com'),
(42,'Customer 42','West','Corporate','customer42@example.com'),
(43,'Customer 43','East','SME','customer43@example.com'),
(44,'Customer 44','Central','Retail','customer44@example.com'),
(45,'Customer 45','East','Retail','customer45@example.com'),
(46,'Customer 46','South','Retail','customer46@example.com'),
(47,'Customer 47','East','Corporate','customer47@example.com'),
(48,'Customer 48','East','Retail','customer48@example.com'),
(49,'Customer 49','South','SME','customer49@example.com'),
(50,'Customer 50','East','Retail','customer50@example.com'),
(51,'Customer 51','West','Corporate','customer51@example.com'),
(52,'Customer 52','West','Retail','customer52@example.com'),
(53,'Customer 53','East','Retail','customer53@example.com'),
(54,'Customer 54','South','SME','customer54@example.com'),
(55,'Customer 55','Central','SME','customer55@example.com'),
(56,'Customer 56','East','SME','customer56@example.com'),
(57,'Customer 57','Central','Corporate','customer57@example.com'),
(58,'Customer 58','Central','Corporate','customer58@example.com'),
(59,'Customer 59','East','Retail','customer59@example.com'),
(60,'Customer 60','South','SME','customer60@example.com'),
(61,'Customer 61','West','Retail','customer61@example.com'),
(62,'Customer 62','North','Retail','customer62@example.com'),
(63,'Customer 63','South','SME','customer63@example.com'),
(64,'Customer 64','South','SME','customer64@example.com'),
(65,'Customer 65','West','SME','customer65@example.com'),
(66,'Customer 66','North','Corporate','customer66@example.com'),
(67,'Customer 67','West','SME','customer67@example.com'),
(68,'Customer 68','West','SME','customer68@example.com'),
(69,'Customer 69','East','SME','customer69@example.com'),
(70,'Customer 70','North','SME','customer70@example.com'),
(71,'Customer 71','North','SME','customer71@example.com'),
(72,'Customer 72','Central','Corporate','customer72@example.com'),
(73,'Customer 73','East','Retail','customer73@example.com'),
(74,'Customer 74','East','Corporate','customer74@example.com'),
(75,'Customer 75','South','Corporate','customer75@example.com'),
(76,'Customer 76','North','SME','customer76@example.com'),
(77,'Customer 77','East','SME','customer77@example.com'),
(78,'Customer 78','South','SME','customer78@example.com'),
(79,'Customer 79','North','SME','customer79@example.com'),
(80,'Customer 80','East','SME','customer80@example.com'),
(81,'Customer 81','Central','SME','customer81@example.com'),
(82,'Customer 82','South','Retail','customer82@example.com'),
(83,'Customer 83','East','Retail','customer83@example.com'),
(84,'Customer 84','Central','SME','customer84@example.com'),
(85,'Customer 85','North','SME','customer85@example.com'),
(86,'Customer 86','East','Corporate','customer86@example.com'),
(87,'Customer 87','North','Retail','customer87@example.com'),
(88,'Customer 88','East','Corporate','customer88@example.com'),
(89,'Customer 89','South','Retail','customer89@example.com'),
(90,'Customer 90','South','SME','customer90@example.com'),
(91,'Customer 91','North','Retail','customer91@example.com'),
(92,'Customer 92','West','Retail','customer92@example.com'),
(93,'Customer 93','Central','Retail','customer93@example.com'),
(94,'Customer 94','South','SME','customer94@example.com'),
(95,'Customer 95','West','SME','customer95@example.com'),
(96,'Customer 96','South','Corporate','customer96@example.com'),
(97,'Customer 97','Central','SME','customer97@example.com'),
(98,'Customer 98','West','Retail','customer98@example.com'),
(99,'Customer 99','Central','SME','customer99@example.com'),
(100,'Customer 100','South','SME','customer100@example.com');

INSERT INTO ProductData VALUES
(1,'Product 1','Accessories',150,'Gamma'),
(2,'Product 2','Accessories',500,'Alpha'),
(3,'Product 3','Furniture',100,'Alpha'),
(4,'Product 4','Electronics',200,'Beta'),
(5,'Product 5','Electronics',100,'Alpha'),
(6,'Product 6','Furniture',25,'Alpha'),
(7,'Product 7','Office',25,'Alpha'),
(8,'Product 8','Office',100,'Delta'),
(9,'Product 9','Furniture',100,'Delta'),
(10,'Product 10','Accessories',100,'Delta'),
(11,'Product 11','Electronics',100,'Alpha'),
(12,'Product 12','Office',300,'Delta'),
(13,'Product 13','Accessories',300,'Alpha'),
(14,'Product 14','Electronics',50,'Delta'),
(15,'Product 15','Electronics',200,'Beta'),
(16,'Product 16','Furniture',100,'Delta'),
(17,'Product 17','Accessories',75,'Beta'),
(18,'Product 18','Accessories',150,'Beta'),
(19,'Product 19','Accessories',50,'Alpha'),
(20,'Product 20','Electronics',25,'Alpha'),
(21,'Product 21','Furniture',100,'Delta'),
(22,'Product 22','Accessories',500,'Beta'),
(23,'Product 23','Electronics',300,'Beta'),
(24,'Product 24','Electronics',300,'Delta'),
(25,'Product 25','Accessories',150,'Gamma'),
(26,'Product 26','Accessories',300,'Beta'),
(27,'Product 27','Office',100,'Beta'),
(28,'Product 28','Electronics',25,'Gamma'),
(29,'Product 29','Electronics',25,'Delta'),
(30,'Product 30','Electronics',75,'Alpha'),
(31,'Product 31','Electronics',75,'Alpha'),
(32,'Product 32','Accessories',100,'Alpha'),
(33,'Product 33','Electronics',100,'Alpha'),
(34,'Product 34','Office',300,'Gamma'),
(35,'Product 35','Office',100,'Beta'),
(36,'Product 36','Accessories',150,'Beta'),
(37,'Product 37','Accessories',150,'Gamma'),
(38,'Product 38','Electronics',50,'Delta'),
(39,'Product 39','Electronics',50,'Beta'),
(40,'Product 40','Furniture',150,'Gamma'),
(41,'Product 41','Furniture',50,'Gamma'),
(42,'Product 42','Furniture',150,'Delta'),
(43,'Product 43','Electronics',150,'Gamma'),
(44,'Product 44','Furniture',50,'Gamma'),
(45,'Product 45','Electronics',50,'Beta'),
(46,'Product 46','Office',150,'Beta'),
(47,'Product 47','Furniture',200,'Gamma'),
(48,'Product 48','Office',500,'Alpha'),
(49,'Product 49','Accessories',50,'Gamma'),
(50,'Product 50','Electronics',25,'Gamma');

INSERT INTO EmployeeData VALUES
(1,'Employee 1',2,'2024-10-14','employee1@example.com'),
(2,'Employee 2',3,'2023-06-15','employee2@example.com'),
(3,'Employee 3',4,'2024-07-18','employee3@example.com'),
(4,'Employee 4',4,'2024-07-28','employee4@example.com'),
(5,'Employee 5',1,'2023-04-25','employee5@example.com'),
(6,'Employee 6',1,'2024-12-08','employee6@example.com'),
(7,'Employee 7',2,'2024-07-12','employee7@example.com'),
(8,'Employee 8',1,'2025-05-04','employee8@example.com'),
(9,'Employee 9',3,'2024-08-19','employee9@example.com'),
(10,'Employee 10',5,'2023-06-01','employee10@example.com'),
(11,'Employee 11',4,'2023-05-11','employee11@example.com'),
(12,'Employee 12',1,'2023-11-12','employee12@example.com'),
(13,'Employee 13',3,'2025-03-26','employee13@example.com'),
(14,'Employee 14',1,'2024-01-02','employee14@example.com'),
(15,'Employee 15',2,'2024-11-29','employee15@example.com'),
(16,'Employee 16',2,'2024-11-13','employee16@example.com'),
(17,'Employee 17',1,'2023-12-29','employee17@example.com'),
(18,'Employee 18',5,'2025-06-14','employee18@example.com'),
(19,'Employee 19',4,'2024-09-27','employee19@example.com'),
(20,'Employee 20',2,'2023-08-31','employee20@example.com'),
(21,'Employee 21',2,'2025-03-30','employee21@example.com'),
(22,'Employee 22',2,'2024-02-27','employee22@example.com'),
(23,'Employee 23',1,'2023-07-03','employee23@example.com'),
(24,'Employee 24',3,'2025-03-12','employee24@example.com'),
(25,'Employee 25',4,'2025-04-01','employee25@example.com'),
(26,'Employee 26',2,'2023-10-01','employee26@example.com'),
(27,'Employee 27',2,'2025-03-17','employee27@example.com'),
(28,'Employee 28',1,'2024-01-27','employee28@example.com'),
(29,'Employee 29',1,'2025-05-29','employee29@example.com'),
(30,'Employee 30',4,'2023-08-16','employee30@example.com');

INSERT INTO SalesData VALUES
(1,'2025-01-01',40,30,27,6,75,450),
(2,'2025-01-01',4,15,22,4,200,800),
(3,'2025-01-01',43,13,9,7,300,2100),
(4,'2025-01-01',45,5,21,5,100,500),
(5,'2025-01-01',87,33,27,7,100,700),
(6,'2025-01-01',4,35,4,6,100,600),
(7,'2025-01-01',75,17,9,3,75,225),
(8,'2025-01-01',77,3,14,2,100,200),
(9,'2025-01-01',56,23,20,6,300,1800),
(10,'2025-01-02',74,8,7,7,100,700),
(11,'2025-01-02',91,17,14,1,75,75),
(12,'2025-01-02',47,1,14,4,150,600),
(13,'2025-01-02',80,5,11,6,100,600),
(14,'2025-01-02',93,43,29,2,150,300),
(15,'2025-01-02',86,20,14,5,25,125),
(16,'2025-01-02',90,21,10,7,100,700),
(17,'2025-01-02',25,36,14,3,150,450),
(18,'2025-01-02',87,43,24,7,150,1050),
(19,'2025-01-02',52,12,18,5,300,1500),
(20,'2025-01-02',37,1,7,5,150,750),
(21,'2025-01-02',60,28,15,6,25,150),
(22,'2025-01-03',66,44,16,4,50,200),
(23,'2025-01-03',85,48,3,3,500,1500),
(24,'2025-01-03',12,19,27,6,50,300),
(25,'2025-01-03',87,49,10,4,50,200),
(26,'2025-01-03',19,15,1,4,200,800),
(27,'2025-01-03',61,3,20,4,100,400),
(28,'2025-01-03',59,50,14,2,25,50),
(29,'2025-01-03',92,41,23,4,50,200),
(30,'2025-01-03',52,25,8,8,150,1200),
(31,'2025-01-03',97,10,28,1,100,100),
(32,'2025-01-03',100,50,14,2,25,50),
(33,'2025-01-04',7,12,18,8,300,2400),
(34,'2025-01-04',59,16,5,2,100,200),
(35,'2025-01-04',97,30,29,6,75,450),
(36,'2025-01-04',71,29,15,7,25,175),
(37,'2025-01-04',58,11,9,8,100,800),
(38,'2025-01-04',82,49,9,4,50,200),
(39,'2025-01-04',81,50,8,8,25,200),
(40,'2025-01-04',10,18,23,8,150,1200),
(41,'2025-01-04',35,19,11,4,50,200),
(42,'2025-01-05',18,35,5,2,100,200),
(43,'2025-01-05',89,15,5,7,200,1400),
(44,'2025-01-05',9,46,14,4,150,600),
(45,'2025-01-05',70,27,15,6,100,600),
(46,'2025-01-05',27,27,27,1,100,100),
(47,'2025-01-05',99,27,19,7,100,700),
(48,'2025-01-05',98,45,19,1,50,50),
(49,'2025-01-05',1,25,12,8,150,1200),
(50,'2025-01-05',54,20,18,7,25,175),
(51,'2025-01-05',63,48,8,4,500,2000),
(52,'2025-01-06',4,28,13,8,25,200),
(53,'2025-01-06',93,22,6,7,500,3500),
(54,'2025-01-06',80,30,18,3,75,225),
(55,'2025-01-06',76,2,19,7,500,3500),
(56,'2025-01-06',11,43,21,1,150,150),
(57,'2025-01-06',60,28,6,3,25,75),
(58,'2025-01-06',49,4,11,5,200,1000),
(59,'2025-01-06',42,14,11,8,50,400),
(60,'2025-01-06',36,49,25,7,50,350),
(61,'2025-01-06',11,27,16,5,100,500),
(62,'2025-01-07',45,48,8,1,500,500),
(63,'2025-01-07',100,42,21,2,150,300),
(64,'2025-01-07',32,3,7,1,100,100),
(65,'2025-01-07',31,2,5,3,500,1500),
(66,'2025-01-07',73,31,7,2,75,150),
(67,'2025-01-07',99,30,12,5,75,375),
(68,'2025-01-07',100,11,27,2,100,200),
(69,'2025-01-07',14,11,19,5,100,500),
(70,'2025-01-08',51,20,23,7,25,175),
(71,'2025-01-08',76,13,23,2,300,600),
(72,'2025-01-08',14,41,23,4,50,200),
(73,'2025-01-08',88,50,20,5,25,125),
(74,'2025-01-08',45,8,18,1,100,100),
(75,'2025-01-08',9,28,17,6,25,150),
(76,'2025-01-08',2,42,28,6,150,900),
(77,'2025-01-08',14,27,14,8,100,800),
(78,'2025-01-09',91,41,5,8,50,400),
(79,'2025-01-09',94,28,17,3,25,75),
(80,'2025-01-09',79,42,26,5,150,750),
(81,'2025-01-09',60,35,14,8,100,800),
(82,'2025-01-09',42,47,28,5,200,1000),
(83,'2025-01-09',36,16,29,2,100,200),
(84,'2025-01-09',97,29,15,4,25,100),
(85,'2025-01-09',44,37,1,7,150,1050),
(86,'2025-01-09',24,32,16,6,100,600),
(87,'2025-01-09',34,14,11,6,50,300),
(88,'2025-01-10',72,39,1,5,50,250),
(89,'2025-01-10',11,34,8,4,300,1200),
(90,'2025-01-10',63,47,18,7,200,1400),
(91,'2025-01-10',89,49,16,4,50,200),
(92,'2025-01-10',58,42,26,8,150,1200),
(93,'2025-01-10',38,2,8,2,500,1000),
(94,'2025-01-10',40,26,22,4,300,1200),
(95,'2025-01-10',61,38,18,6,50,300),
(96,'2025-01-10',55,34,24,6,300,1800),
(97,'2025-01-10',46,36,23,6,150,900),
(98,'2025-01-11',33,18,8,5,150,750),
(99,'2025-01-11',41,8,4,4,100,400),
(100,'2025-01-11',25,48,7,3,500,1500),
(101,'2025-01-11',36,48,24,8,500,4000),
(102,'2025-01-11',13,38,27,5,50,250),
(103,'2025-01-11',30,13,12,5,300,1500),
(104,'2025-01-11',2,12,23,5,300,1500),
(105,'2025-01-11',36,35,2,3,100,300),
(106,'2025-01-11',90,4,5,5,200,1000),
(107,'2025-01-11',14,41,28,8,50,400),
(108,'2025-01-11',61,1,16,5,150,750),
(109,'2025-01-12',7,22,9,3,500,1500),
(110,'2025-01-12',9,31,13,2,75,150),
(111,'2025-01-12',74,32,21,2,100,200),
(112,'2025-01-12',20,44,5,1,50,50),
(113,'2025-01-12',11,37,8,5,150,750),
(114,'2025-01-12',78,8,20,7,100,700),
(115,'2025-01-12',100,40,17,4,150,600),
(116,'2025-01-12',57,25,10,8,150,1200),
(117,'2025-01-12',40,38,19,7,50,350),
(118,'2025-01-12',79,40,24,1,150,150),
(119,'2025-01-12',81,7,7,4,25,100),
(120,'2025-01-13',21,43,8,2,150,300),
(121,'2025-01-13',21,12,1,2,300,600),
(122,'2025-01-13',89,27,20,8,100,800),
(123,'2025-01-13',5,31,8,5,75,375),
(124,'2025-01-13',90,19,28,5,50,250),
(125,'2025-01-13',88,30,8,2,75,150),
(126,'2025-01-13',55,17,4,4,75,300),
(127,'2025-01-13',83,35,5,4,100,400),
(128,'2025-01-13',10,18,2,3,150,450),
(129,'2025-01-13',77,11,24,5,100,500),
(130,'2025-01-14',16,19,15,8,50,400),
(131,'2025-01-14',90,45,13,5,50,250),
(132,'2025-01-14',57,18,3,8,150,1200),
(133,'2025-01-14',56,39,24,1,50,50),
(134,'2025-01-14',4,21,3,5,100,500),
(135,'2025-01-14',98,15,22,1,200,200),
(136,'2025-01-14',98,18,25,1,150,150),
(137,'2025-01-14',67,12,21,8,300,2400),
(138,'2025-01-14',24,29,19,5,25,125),
(139,'2025-01-14',12,28,16,8,25,200),
(140,'2025-01-14',43,23,11,7,300,2100),
(141,'2025-01-14',21,43,11,2,150,300),
(142,'2025-01-15',37,45,22,8,50,400),
(143,'2025-01-15',59,26,3,1,300,300),
(144,'2025-01-15',42,21,4,5,100,500),
(145,'2025-01-15',66,50,27,7,25,175),
(146,'2025-01-15',53,1,2,8,150,1200),
(147,'2025-01-15',80,13,25,6,300,1800),
(148,'2025-01-15',98,32,2,8,100,800),
(149,'2025-01-15',71,14,5,5,50,250),
(150,'2025-01-15',90,19,16,8,50,400),
(151,'2025-01-15',81,8,20,1,100,100),
(152,'2025-01-15',40,16,18,3,100,300),
(153,'2025-01-16',12,36,8,7,150,1050),
(154,'2025-01-16',16,8,21,8,100,800),
(155,'2025-01-16',92,10,10,8,100,800),
(156,'2025-01-16',54,33,27,5,100,500),
(157,'2025-01-16',32,31,15,8,75,600),
(158,'2025-01-16',50,36,7,3,150,450),
(159,'2025-01-16',9,39,9,3,50,150),
(160,'2025-01-16',44,50,30,7,25,175),
(161,'2025-01-17',37,18,24,1,150,150),
(162,'2025-01-17',20,20,15,8,25,200),
(163,'2025-01-17',45,35,11,8,100,800),
(164,'2025-01-17',59,36,30,7,150,1050),
(165,'2025-01-17',90,21,8,4,100,400),
(166,'2025-01-17',30,37,28,7,150,1050),
(167,'2025-01-17',6,50,11,7,25,175),
(168,'2025-01-17',91,48,30,8,500,4000),
(169,'2025-01-17',85,25,26,7,150,1050),
(170,'2025-01-17',64,42,2,3,150,450),
(171,'2025-01-17',13,9,28,6,100,600),
(172,'2025-01-17',68,29,30,2,25,50),
(173,'2025-01-18',53,1,28,3,150,450),
(174,'2025-01-18',10,42,16,3,150,450),
(175,'2025-01-18',80,17,23,6,75,450),
(176,'2025-01-18',43,26,28,2,300,600),
(177,'2025-01-18',41,44,21,7,50,350),
(178,'2025-01-18',70,46,2,8,150,1200),
(179,'2025-01-18',31,40,21,2,150,300),
(180,'2025-01-18',30,44,24,5,50,250),
(181,'2025-01-18',13,6,25,7,25,175),
(182,'2025-01-18',57,41,6,2,50,100),
(183,'2025-01-18',4,45,2,5,50,250),
(184,'2025-01-19',46,4,12,5,200,1000),
(185,'2025-01-19',32,28,17,3,25,75),
(186,'2025-01-19',22,27,6,3,100,300),
(187,'2025-01-19',80,6,22,7,25,175),
(188,'2025-01-19',75,16,5,8,100,800),
(189,'2025-01-19',82,15,9,8,200,1600),
(190,'2025-01-19',86,30,1,5,75,375),
(191,'2025-01-19',87,30,18,5,75,375),
(192,'2025-01-19',57,11,12,2,100,200),
(193,'2025-01-19',82,38,14,5,50,250),
(194,'2025-01-20',26,30,13,5,75,375),
(195,'2025-01-20',31,31,13,2,75,150),
(196,'2025-01-20',74,37,10,6,150,900),
(197,'2025-01-20',3,45,27,5,50,250),
(198,'2025-01-20',36,43,1,7,150,1050),
(199,'2025-01-20',78,37,24,1,150,150),
(200,'2025-01-20',100,32,26,5,100,500),
(201,'2025-01-20',29,15,21,6,200,1200),
(202,'2025-01-20',87,13,25,5,300,1500),
(203,'2025-01-20',81,47,4,3,200,600),
(204,'2025-01-21',5,20,19,8,25,200),
(205,'2025-01-21',12,24,30,3,300,900),
(206,'2025-01-21',96,19,14,6,50,300),
(207,'2025-01-21',17,12,26,4,300,1200),
(208,'2025-01-21',68,35,17,6,100,600),
(209,'2025-01-21',33,18,30,3,150,450),
(210,'2025-01-21',96,31,28,5,75,375),
(211,'2025-01-21',60,22,3,2,500,1000),
(212,'2025-01-22',87,49,24,4,50,200),
(213,'2025-01-22',72,44,12,7,50,350),
(214,'2025-01-22',2,6,9,7,25,175),
(215,'2025-01-22',59,35,12,2,100,200),
(216,'2025-01-22',75,44,13,5,50,250),
(217,'2025-01-22',14,41,22,6,50,300),
(218,'2025-01-22',4,15,20,8,200,1600),
(219,'2025-01-22',79,36,8,6,150,900),
(220,'2025-01-22',82,42,27,2,150,300),
(221,'2025-01-23',84,45,14,5,50,250),
(222,'2025-01-23',6,8,2,3,100,300),
(223,'2025-01-23',15,20,4,8,25,200),
(224,'2025-01-23',50,16,15,3,100,300),
(225,'2025-01-23',76,24,24,7,300,2100),
(226,'2025-01-23',54,47,21,3,200,600),
(227,'2025-01-23',79,7,14,8,25,200),
(228,'2025-01-23',89,18,12,1,150,150),
(229,'2025-01-23',57,14,8,8,50,400),
(230,'2025-01-23',88,24,12,2,300,600),
(231,'2025-01-23',8,35,13,6,100,600),
(232,'2025-01-24',59,13,3,2,300,600),
(233,'2025-01-24',83,43,21,4,150,600),
(234,'2025-01-24',7,39,26,1,50,50),
(235,'2025-01-24',17,22,26,4,500,2000),
(236,'2025-01-24',9,37,27,4,150,600),
(237,'2025-01-24',76,49,7,4,50,200),
(238,'2025-01-24',100,15,5,6,200,1200),
(239,'2025-01-24',36,39,28,1,50,50),
(240,'2025-01-24',70,10,9,3,100,300),
(241,'2025-01-24',85,12,28,2,300,600),
(242,'2025-01-25',46,9,26,1,100,100),
(243,'2025-01-25',3,16,6,6,100,600),
(244,'2025-01-25',17,17,24,1,75,75),
(245,'2025-01-25',96,27,3,2,100,200),
(246,'2025-01-25',100,31,12,8,75,600),
(247,'2025-01-25',58,33,17,2,100,200),
(248,'2025-01-25',94,15,26,1,200,200),
(249,'2025-01-25',59,43,21,5,150,750),
(250,'2025-01-26',52,4,14,8,200,1600),
(251,'2025-01-26',63,44,23,2,50,100),
(252,'2025-01-26',11,29,11,2,25,50),
(253,'2025-01-26',9,39,5,3,50,150),
(254,'2025-01-26',49,18,20,6,150,900),
(255,'2025-01-26',59,34,17,5,300,1500),
(256,'2025-01-26',13,39,26,7,50,350),
(257,'2025-01-26',84,45,21,2,50,100),
(258,'2025-01-27',56,47,15,4,200,800),
(259,'2025-01-27',44,15,27,7,200,1400),
(260,'2025-01-27',54,30,24,7,75,525),
(261,'2025-01-27',55,7,11,6,25,150),
(262,'2025-01-27',48,43,5,5,150,750),
(263,'2025-01-27',9,44,3,8,50,400),
(264,'2025-01-27',56,6,4,2,25,50),
(265,'2025-01-27',17,48,18,6,500,3000),
(266,'2025-01-27',86,4,4,6,200,1200),
(267,'2025-01-27',86,27,25,6,100,600),
(268,'2025-01-27',37,28,20,1,25,25),
(269,'2025-01-27',14,20,19,6,25,150),
(270,'2025-01-28',85,14,16,3,50,150),
(271,'2025-01-28',45,15,28,2,200,400),
(272,'2025-01-28',15,36,25,6,150,900),
(273,'2025-01-28',55,18,28,4,150,600),
(274,'2025-01-28',78,36,30,1,150,150),
(275,'2025-01-28',4,43,6,5,150,750),
(276,'2025-01-28',44,18,12,5,150,750),
(277,'2025-01-28',19,1,19,3,150,450),
(278,'2025-01-28',9,43,5,7,150,1050),
(279,'2025-01-28',12,48,24,1,500,500),
(280,'2025-01-28',49,34,14,4,300,1200),
(281,'2025-01-28',21,30,12,6,75,450),
(282,'2025-01-29',100,47,19,6,200,1200),
(283,'2025-01-29',7,39,5,2,50,100),
(284,'2025-01-29',87,11,3,1,100,100),
(285,'2025-01-29',85,18,14,8,150,1200),
(286,'2025-01-29',54,32,9,8,100,800),
(287,'2025-01-29',45,14,14,2,50,100),
(288,'2025-01-29',87,8,22,5,100,500),
(289,'2025-01-29',68,38,22,8,50,400),
(290,'2025-01-29',29,20,13,1,25,25),
(291,'2025-01-29',1,39,7,1,50,50),
(292,'2025-01-30',98,14,9,3,50,150),
(293,'2025-01-30',16,19,1,6,50,300),
(294,'2025-01-30',23,32,5,7,100,700),
(295,'2025-01-30',65,25,18,4,150,600),
(296,'2025-01-30',10,43,13,6,150,900),
(297,'2025-01-30',56,48,1,1,500,500),
(298,'2025-01-30',41,30,19,2,75,150),
(299,'2025-01-30',91,28,21,7,25,175),
(300,'2025-01-30',15,27,13,5,100,500),
(301,'2025-01-30',22,2,26,6,500,3000),
(302,'2025-01-31',12,30,14,6,75,450),
(303,'2025-01-31',56,7,19,4,25,100),
(304,'2025-01-31',51,26,28,2,300,600),
(305,'2025-01-31',29,20,11,6,25,150),
(306,'2025-01-31',10,50,17,3,25,75),
(307,'2025-01-31',68,41,17,2,50,100),
(308,'2025-01-31',45,13,24,6,300,1800),
(309,'2025-01-31',31,42,4,3,150,450),
(310,'2025-01-31',26,10,6,5,100,500),
(311,'2025-01-31',98,39,25,3,50,150),
(312,'2025-01-31',23,42,25,2,150,300),
(313,'2025-01-31',60,41,25,8,50,400),
(314,'2025-02-01',88,49,30,8,50,400),
(315,'2025-02-01',81,37,11,6,150,900),
(316,'2025-02-01',9,10,16,8,100,800),
(317,'2025-02-01',36,29,19,5,25,125),
(318,'2025-02-01',65,4,3,6,200,1200),
(319,'2025-02-01',58,20,2,8,25,200),
(320,'2025-02-01',37,4,3,6,200,1200),
(321,'2025-02-01',79,42,20,2,150,300),
(322,'2025-02-01',60,33,19,7,100,700),
(323,'2025-02-01',58,36,30,1,150,150),
(324,'2025-02-01',42,37,20,4,150,600),
(325,'2025-02-01',8,31,15,3,75,225),
(326,'2025-02-02',65,22,21,2,500,1000),
(327,'2025-02-02',32,12,23,1,300,300),
(328,'2025-02-02',68,29,17,8,25,200),
(329,'2025-02-02',47,40,12,3,150,450),
(330,'2025-02-02',53,19,25,7,50,350),
(331,'2025-02-02',81,22,21,1,500,500),
(332,'2025-02-02',43,22,4,2,500,1000),
(333,'2025-02-02',37,36,9,7,150,1050),
(334,'2025-02-03',11,10,19,6,100,600),
(335,'2025-02-03',45,43,10,3,150,450),
(336,'2025-02-03',17,42,20,7,150,1050),
(337,'2025-02-03',40,46,18,2,150,300),
(338,'2025-02-03',17,25,22,6,150,900),
(339,'2025-02-03',83,45,22,2,50,100),
(340,'2025-02-03',3,28,12,6,25,150),
(341,'2025-02-03',28,20,11,3,25,75),
(342,'2025-02-03',25,50,8,8,25,200),
(343,'2025-02-03',10,9,10,3,100,300),
(344,'2025-02-03',85,7,11,1,25,25),
(345,'2025-02-03',77,50,13,3,25,75),
(346,'2025-02-04',89,11,25,3,100,300),
(347,'2025-02-04',93,40,15,3,150,450),
(348,'2025-02-04',47,3,22,7,100,700),
(349,'2025-02-04',57,47,20,4,200,800),
(350,'2025-02-04',30,19,18,8,50,400),
(351,'2025-02-04',61,16,29,5,100,500),
(352,'2025-02-04',87,13,19,6,300,1800),
(353,'2025-02-04',99,29,10,8,25,200),
(354,'2025-02-04',65,50,17,7,25,175),
(355,'2025-02-05',78,11,5,4,100,400),
(356,'2025-02-05',83,17,16,1,75,75),
(357,'2025-02-05',92,24,28,2,300,600),
(358,'2025-02-05',37,34,3,2,300,600),
(359,'2025-02-05',35,49,15,3,50,150),
(360,'2025-02-05',56,33,3,3,100,300),
(361,'2025-02-05',45,15,30,8,200,1600),
(362,'2025-02-05',7,2,13,7,500,3500),
(363,'2025-02-05',31,33,13,6,100,600),
(364,'2025-02-05',29,6,1,6,25,150),
(365,'2025-02-05',92,21,21,2,100,200),
(366,'2025-02-06',5,10,10,3,100,300),
(367,'2025-02-06',98,31,23,3,75,225),
(368,'2025-02-06',79,31,1,8,75,600),
(369,'2025-02-06',33,6,7,1,25,25),
(370,'2025-02-06',15,10,25,7,100,700),
(371,'2025-02-06',39,19,4,4,50,200),
(372,'2025-02-06',54,4,21,4,200,800),
(373,'2025-02-06',9,40,4,8,150,1200),
(374,'2025-02-06',81,32,17,1,100,100),
(375,'2025-02-06',92,37,5,4,150,600),
(376,'2025-02-07',79,28,12,1,25,25),
(377,'2025-02-07',24,16,22,7,100,700),
(378,'2025-02-07',68,43,12,2,150,300),
(379,'2025-02-07',50,5,28,1,100,100),
(380,'2025-02-07',82,31,13,1,75,75),
(381,'2025-02-07',96,24,1,5,300,1500),
(382,'2025-02-07',45,23,8,2,300,600),
(383,'2025-02-07',99,47,19,2,200,400),
(384,'2025-02-07',18,48,2,6,500,3000),
(385,'2025-02-07',83,23,6,6,300,1800),
(386,'2025-02-08',81,45,6,8,50,400),
(387,'2025-02-08',92,9,25,2,100,200),
(388,'2025-02-08',38,30,7,1,75,75),
(389,'2025-02-08',6,3,11,4,100,400),
(390,'2025-02-08',70,20,16,7,25,175),
(391,'2025-02-08',97,17,21,1,75,75),
(392,'2025-02-08',46,13,28,5,300,1500),
(393,'2025-02-08',84,50,11,1,25,25),
(394,'2025-02-08',48,18,14,2,150,300),
(395,'2025-02-08',50,26,11,8,300,2400),
(396,'2025-02-08',89,12,16,8,300,2400),
(397,'2025-02-09',11,34,24,5,300,1500),
(398,'2025-02-09',56,28,20,2,25,50),
(399,'2025-02-09',42,12,4,5,300,1500),
(400,'2025-02-09',85,6,10,6,25,150),
(401,'2025-02-09',78,20,23,8,25,200),
(402,'2025-02-09',89,28,15,3,25,75),
(403,'2025-02-09',6,23,24,8,300,2400),
(404,'2025-02-09',36,23,21,7,300,2100),
(405,'2025-02-09',86,4,21,2,200,400),
(406,'2025-02-09',66,26,26,6,300,1800),
(407,'2025-02-10',78,2,22,3,500,1500),
(408,'2025-02-10',17,29,3,1,25,25),
(409,'2025-02-10',47,16,13,6,100,600),
(410,'2025-02-10',78,37,5,1,150,150),
(411,'2025-02-10',48,44,12,8,50,400),
(412,'2025-02-10',74,29,5,2,25,50),
(413,'2025-02-10',51,34,11,6,300,1800),
(414,'2025-02-10',32,42,4,5,150,750),
(415,'2025-02-10',64,2,17,3,500,1500),
(416,'2025-02-11',34,36,25,2,150,300),
(417,'2025-02-11',28,17,20,8,75,600),
(418,'2025-02-11',26,19,4,8,50,400),
(419,'2025-02-11',58,9,6,2,100,200),
(420,'2025-02-11',12,46,26,8,150,1200),
(421,'2025-02-11',86,44,12,6,50,300),
(422,'2025-02-11',71,46,18,2,150,300),
(423,'2025-02-11',21,19,23,5,50,250),
(424,'2025-02-11',47,46,17,3,150,450),
(425,'2025-02-11',26,15,26,2,200,400),
(426,'2025-02-11',64,9,1,4,100,400),
(427,'2025-02-12',60,36,26,6,150,900),
(428,'2025-02-12',79,36,29,3,150,450),
(429,'2025-02-12',40,6,13,2,25,50),
(430,'2025-02-12',68,46,14,8,150,1200),
(431,'2025-02-12',74,50,3,7,25,175),
(432,'2025-02-12',83,9,3,6,100,600),
(433,'2025-02-12',88,29,17,8,25,200),
(434,'2025-02-12',100,23,18,3,300,900),
(435,'2025-02-12',99,41,5,3,50,150),
(436,'2025-02-12',16,28,17,1,25,25),
(437,'2025-02-13',21,20,11,3,25,75),
(438,'2025-02-13',45,46,17,4,150,600),
(439,'2025-02-13',33,19,7,2,50,100),
(440,'2025-02-13',17,41,21,5,50,250),
(441,'2025-02-13',65,20,21,2,25,50),
(442,'2025-02-13',22,11,22,3,100,300),
(443,'2025-02-13',73,40,2,6,150,900),
(444,'2025-02-13',6,2,21,2,500,1000),
(445,'2025-02-13',84,50,7,5,25,125),
(446,'2025-02-14',64,27,29,1,100,100),
(447,'2025-02-14',83,41,10,5,50,250),
(448,'2025-02-14',88,31,13,4,75,300),
(449,'2025-02-14',10,20,23,8,25,200),
(450,'2025-02-14',57,4,14,3,200,600),
(451,'2025-02-14',27,31,11,8,75,600),
(452,'2025-02-14',41,39,28,3,50,150),
(453,'2025-02-14',94,46,28,6,150,900),
(454,'2025-02-14',17,23,25,7,300,2100),
(455,'2025-02-14',41,24,8,2,300,600),
(456,'2025-02-14',35,30,15,2,75,150),
(457,'2025-02-14',13,16,2,3,100,300),
(458,'2025-02-15',32,25,28,7,150,1050),
(459,'2025-02-15',74,11,24,6,100,600),
(460,'2025-02-15',98,21,6,4,100,400),
(461,'2025-02-15',64,32,29,8,100,800),
(462,'2025-02-15',3,20,3,8,25,200),
(463,'2025-02-15',31,26,7,8,300,2400),
(464,'2025-02-15',7,38,2,6,50,300),
(465,'2025-02-15',77,19,29,8,50,400),
(466,'2025-02-15',37,42,18,8,150,1200),
(467,'2025-02-15',56,1,5,2,150,300),
(468,'2025-02-16',98,47,13,6,200,1200),
(469,'2025-02-16',52,24,2,1,300,300),
(470,'2025-02-16',47,37,18,4,150,600),
(471,'2025-02-16',50,19,17,2,50,100),
(472,'2025-02-16',80,29,22,5,25,125),
(473,'2025-02-16',17,40,4,2,150,300),
(474,'2025-02-16',44,26,18,6,300,1800),
(475,'2025-02-16',26,24,20,3,300,900),
(476,'2025-02-16',65,33,2,7,100,700),
(477,'2025-02-16',18,3,23,1,100,100),
(478,'2025-02-17',20,31,20,8,75,600),
(479,'2025-02-17',42,33,30,3,100,300),
(480,'2025-02-17',21,40,13,6,150,900),
(481,'2025-02-17',76,40,11,5,150,750),
(482,'2025-02-17',91,33,19,8,100,800),
(483,'2025-02-17',3,20,12,8,25,200),
(484,'2025-02-17',54,22,19,2,500,1000),
(485,'2025-02-17',77,20,16,1,25,25),
(486,'2025-02-17',93,17,2,4,75,300),
(487,'2025-02-17',22,38,17,8,50,400),
(488,'2025-02-18',19,50,27,7,25,175),
(489,'2025-02-18',5,44,19,4,50,200),
(490,'2025-02-18',25,45,1,2,50,100),
(491,'2025-02-18',54,29,5,6,25,150),
(492,'2025-02-18',53,27,17,4,100,400),
(493,'2025-02-18',95,50,24,8,25,200),
(494,'2025-02-18',67,4,7,3,200,600),
(495,'2025-02-18',85,36,16,6,150,900),
(496,'2025-02-18',41,34,6,7,300,2100),
(497,'2025-02-18',70,30,12,6,75,450),
(498,'2025-02-18',79,44,16,5,50,250),
(499,'2025-02-18',36,13,18,4,300,1200),
(500,'2025-02-19',99,15,10,5,200,1000),
(501,'2025-02-19',89,46,23,4,150,600),
(502,'2025-02-19',62,32,12,6,100,600),
(503,'2025-02-19',37,36,4,5,150,750),
(504,'2025-02-19',51,37,27,7,150,1050),
(505,'2025-02-19',38,23,2,3,300,900),
(506,'2025-02-19',45,19,30,2,50,100),
(507,'2025-02-19',96,29,16,5,25,125),
(508,'2025-02-19',69,14,9,4,50,200),
(509,'2025-02-19',18,36,4,5,150,750),
(510,'2025-02-20',32,48,2,4,500,2000),
(511,'2025-02-20',82,43,8,4,150,600),
(512,'2025-02-20',53,4,11,2,200,400),
(513,'2025-02-20',13,46,22,8,150,1200),
(514,'2025-02-20',1,50,18,3,25,75),
(515,'2025-02-20',84,11,30,7,100,700),
(516,'2025-02-20',84,31,7,8,75,600),
(517,'2025-02-20',42,49,10,5,50,250),
(518,'2025-02-20',99,42,3,1,150,150),
(519,'2025-02-20',69,42,24,4,150,600),
(520,'2025-02-20',23,47,14,1,200,200),
(521,'2025-02-20',51,12,26,1,300,300),
(522,'2025-02-21',5,12,1,5,300,1500),
(523,'2025-02-21',43,20,10,2,25,50),
(524,'2025-02-21',18,30,28,8,75,600),
(525,'2025-02-21',35,33,7,8,100,800),
(526,'2025-02-21',21,8,24,6,100,600),
(527,'2025-02-21',92,30,6,5,75,375),
(528,'2025-02-21',38,1,19,6,150,900),
(529,'2025-02-21',23,44,20,4,50,200),
(530,'2025-02-21',55,41,17,7,50,350),
(531,'2025-02-21',52,21,22,2,100,200),
(532,'2025-02-21',18,7,16,3,25,75),
(533,'2025-02-22',34,16,13,1,100,100),
(534,'2025-02-22',97,16,9,8,100,800),
(535,'2025-02-22',75,22,24,5,500,2500),
(536,'2025-02-22',34,37,21,1,150,150),
(537,'2025-02-22',8,24,22,4,300,1200),
(538,'2025-02-22',40,8,6,8,100,800),
(539,'2025-02-22',89,26,4,5,300,1500),
(540,'2025-02-22',48,41,20,5,50,250),
(541,'2025-02-22',18,15,16,4,200,800),
(542,'2025-02-22',96,10,20,8,100,800),
(543,'2025-02-23',97,27,18,8,100,800),
(544,'2025-02-23',98,43,8,4,150,600),
(545,'2025-02-23',68,44,15,2,50,100),
(546,'2025-02-23',10,34,30,6,300,1800),
(547,'2025-02-23',8,37,27,2,150,300),
(548,'2025-02-23',74,36,18,4,150,600),
(549,'2025-02-23',42,10,28,3,100,300),
(550,'2025-02-23',15,34,22,8,300,2400),
(551,'2025-02-23',12,14,29,8,50,400),
(552,'2025-02-23',8,33,15,8,100,800),
(553,'2025-02-24',59,33,19,7,100,700),
(554,'2025-02-24',87,4,26,8,200,1600),
(555,'2025-02-24',51,20,9,1,25,25),
(556,'2025-02-24',75,1,3,4,150,600),
(557,'2025-02-24',45,3,23,7,100,700),
(558,'2025-02-24',9,5,30,1,100,100),
(559,'2025-02-24',37,31,14,1,75,75),
(560,'2025-02-24',99,12,21,3,300,900),
(561,'2025-02-24',48,47,29,7,200,1400),
(562,'2025-02-25',49,29,3,7,25,175),
(563,'2025-02-25',84,44,28,3,50,150),
(564,'2025-02-25',23,23,18,2,300,600),
(565,'2025-02-25',94,26,8,3,300,900),
(566,'2025-02-25',39,1,15,1,150,150),
(567,'2025-02-25',69,44,13,7,50,350),
(568,'2025-02-25',59,15,12,4,200,800),
(569,'2025-02-25',25,10,30,5,100,500),
(570,'2025-02-25',5,47,26,2,200,400),
(571,'2025-02-25',79,43,25,7,150,1050),
(572,'2025-02-25',27,2,3,4,500,2000),
(573,'2025-02-26',58,39,20,1,50,50),
(574,'2025-02-26',32,44,24,1,50,50),
(575,'2025-02-26',57,3,8,7,100,700),
(576,'2025-02-26',97,35,28,4,100,400),
(577,'2025-02-26',18,50,17,1,25,25),
(578,'2025-02-26',94,19,19,4,50,200),
(579,'2025-02-26',31,21,10,6,100,600),
(580,'2025-02-26',53,10,10,4,100,400),
(581,'2025-02-27',81,4,22,3,200,600),
(582,'2025-02-27',7,28,12,8,25,200),
(583,'2025-02-27',68,42,11,7,150,1050),
(584,'2025-02-27',53,45,5,7,50,350),
(585,'2025-02-27',24,20,25,7,25,175),
(586,'2025-02-27',31,35,28,8,100,800),
(587,'2025-02-27',91,15,5,5,200,1000),
(588,'2025-02-27',72,30,14,1,75,75),
(589,'2025-02-27',50,27,8,3,100,300),
(590,'2025-02-27',43,17,21,4,75,300),
(591,'2025-02-28',12,29,18,6,25,150),
(592,'2025-02-28',7,47,9,4,200,800),
(593,'2025-02-28',10,25,7,1,150,150),
(594,'2025-02-28',62,49,7,4,50,200),
(595,'2025-02-28',2,22,7,5,500,2500),
(596,'2025-02-28',96,13,25,2,300,600),
(597,'2025-02-28',90,31,20,4,75,300),
(598,'2025-02-28',51,46,30,4,150,600),
(599,'2025-03-01',100,36,10,6,150,900),
(600,'2025-03-01',69,25,21,8,150,1200),
(601,'2025-03-01',34,23,12,5,300,1500),
(602,'2025-03-01',60,33,4,8,100,800),
(603,'2025-03-01',98,47,27,8,200,1600),
(604,'2025-03-01',48,21,11,4,100,400),
(605,'2025-03-01',73,27,28,1,100,100),
(606,'2025-03-01',3,15,9,3,200,600),
(607,'2025-03-01',38,36,5,7,150,1050),
(608,'2025-03-02',49,22,19,4,500,2000),
(609,'2025-03-02',71,16,21,8,100,800),
(610,'2025-03-02',33,44,25,6,50,300),
(611,'2025-03-02',59,32,6,8,100,800),
(612,'2025-03-02',22,47,5,6,200,1200),
(613,'2025-03-02',24,47,30,8,200,1600),
(614,'2025-03-02',68,35,2,1,100,100),
(615,'2025-03-02',98,5,1,1,100,100),
(616,'2025-03-02',81,27,8,3,100,300),
(617,'2025-03-03',2,46,7,3,150,450),
(618,'2025-03-03',48,33,2,8,100,800),
(619,'2025-03-03',85,40,16,8,150,1200),
(620,'2025-03-03',69,2,18,1,500,500),
(621,'2025-03-03',3,27,17,1,100,100),
(622,'2025-03-03',69,47,10,5,200,1000),
(623,'2025-03-03',23,2,4,7,500,3500),
(624,'2025-03-03',31,7,7,3,25,75),
(625,'2025-03-04',46,34,9,5,300,1500),
(626,'2025-03-04',48,26,13,2,300,600),
(627,'2025-03-04',90,30,8,4,75,300),
(628,'2025-03-04',84,20,28,2,25,50),
(629,'2025-03-04',12,42,13,1,150,150),
(630,'2025-03-04',71,25,16,7,150,1050),
(631,'2025-03-04',90,4,6,1,200,200),
(632,'2025-03-04',56,6,21,8,25,200),
(633,'2025-03-04',68,22,30,2,500,1000),
(634,'2025-03-04',28,3,29,4,100,400),
(635,'2025-03-04',35,45,2,8,50,400),
(636,'2025-03-04',70,5,19,5,100,500),
(637,'2025-03-05',3,12,7,6,300,1800),
(638,'2025-03-05',97,38,27,3,50,150),
(639,'2025-03-05',10,46,10,7,150,1050),
(640,'2025-03-05',73,11,27,4,100,400),
(641,'2025-03-05',50,25,25,6,150,900),
(642,'2025-03-05',89,48,24,3,500,1500),
(643,'2025-03-05',7,6,4,6,25,150),
(644,'2025-03-05',10,28,11,4,25,100),
(645,'2025-03-06',100,50,11,7,25,175),
(646,'2025-03-06',58,2,16,5,500,2500),
(647,'2025-03-06',71,15,13,6,200,1200),
(648,'2025-03-06',88,28,19,3,25,75),
(649,'2025-03-06',11,43,25,7,150,1050),
(650,'2025-03-06',32,40,23,5,150,750),
(651,'2025-03-06',35,5,5,2,100,200),
(652,'2025-03-06',95,25,13,3,150,450),
(653,'2025-03-06',14,21,3,6,100,600),
(654,'2025-03-06',57,1,12,5,150,750),
(655,'2025-03-06',14,49,5,5,50,250),
(656,'2025-03-06',56,6,15,3,25,75),
(657,'2025-03-07',14,36,1,7,150,1050),
(658,'2025-03-07',71,6,3,6,25,150),
(659,'2025-03-07',50,39,1,6,50,300),
(660,'2025-03-07',50,19,25,7,50,350),
(661,'2025-03-07',74,6,17,4,25,100),
(662,'2025-03-07',22,11,5,7,100,700),
(663,'2025-03-07',35,18,16,5,150,750),
(664,'2025-03-07',22,10,14,2,100,200),
(665,'2025-03-07',39,18,16,7,150,1050),
(666,'2025-03-07',33,5,8,6,100,600),
(667,'2025-03-07',77,47,20,8,200,1600),
(668,'2025-03-07',14,13,5,8,300,2400),
(669,'2025-03-08',43,1,27,7,150,1050),
(670,'2025-03-08',43,40,15,7,150,1050),
(671,'2025-03-08',84,22,20,7,500,3500),
(672,'2025-03-08',42,9,20,5,100,500),
(673,'2025-03-08',62,45,11,4,50,200),
(674,'2025-03-08',41,12,10,7,300,2100),
(675,'2025-03-08',74,48,26,8,500,4000),
(676,'2025-03-08',49,16,9,6,100,600),
(677,'2025-03-08',15,26,30,6,300,1800),
(678,'2025-03-08',76,37,18,4,150,600),
(679,'2025-03-09',94,44,15,1,50,50),
(680,'2025-03-09',57,46,26,4,150,600),
(681,'2025-03-09',53,19,22,2,50,100),
(682,'2025-03-09',82,32,10,3,100,300),
(683,'2025-03-09',85,16,5,5,100,500),
(684,'2025-03-09',49,46,3,7,150,1050),
(685,'2025-03-09',75,29,13,8,25,200),
(686,'2025-03-09',70,35,2,7,100,700),
(687,'2025-03-09',14,24,25,2,300,600),
(688,'2025-03-10',22,43,21,6,150,900),
(689,'2025-03-10',73,40,21,1,150,150),
(690,'2025-03-10',97,44,11,7,50,350),
(691,'2025-03-10',2,28,4,2,25,50),
(692,'2025-03-10',66,17,24,4,75,300),
(693,'2025-03-10',58,34,12,4,300,1200),
(694,'2025-03-10',99,26,22,8,300,2400),
(695,'2025-03-10',45,38,1,3,50,150),
(696,'2025-03-10',38,31,14,2,75,150),
(697,'2025-03-11',45,8,10,3,100,300),
(698,'2025-03-11',27,22,17,8,500,4000),
(699,'2025-03-11',61,31,4,6,75,450),
(700,'2025-03-11',41,29,3,8,25,200),
(701,'2025-03-11',91,20,4,1,25,25),
(702,'2025-03-11',83,2,4,6,500,3000),
(703,'2025-03-11',95,44,8,3,50,150),
(704,'2025-03-11',71,34,6,3,300,900),
(705,'2025-03-12',60,36,8,7,150,1050),
(706,'2025-03-12',24,26,21,3,300,900),
(707,'2025-03-12',51,43,1,7,150,1050),
(708,'2025-03-12',58,48,19,4,500,2000),
(709,'2025-03-12',1,28,23,7,25,175),
(710,'2025-03-12',36,14,25,4,50,200),
(711,'2025-03-12',74,46,4,2,150,300),
(712,'2025-03-12',47,35,11,3,100,300),
(713,'2025-03-12',15,13,9,8,300,2400),
(714,'2025-03-12',68,43,21,8,150,1200),
(715,'2025-03-13',79,39,13,7,50,350),
(716,'2025-03-13',45,38,12,2,50,100),
(717,'2025-03-13',87,30,23,3,75,225),
(718,'2025-03-13',87,20,5,2,25,50),
(719,'2025-03-13',31,21,10,2,100,200),
(720,'2025-03-13',48,8,23,3,100,300),
(721,'2025-03-13',54,10,20,7,100,700),
(722,'2025-03-13',55,9,6,7,100,700),
(723,'2025-03-13',72,32,6,3,100,300),
(724,'2025-03-13',18,32,6,5,100,500),
(725,'2025-03-14',46,29,1,1,25,25),
(726,'2025-03-14',25,32,27,3,100,300),
(727,'2025-03-14',53,25,22,8,150,1200),
(728,'2025-03-14',91,32,27,7,100,700),
(729,'2025-03-14',22,29,3,8,25,200),
(730,'2025-03-14',98,37,8,1,150,150),
(731,'2025-03-14',36,19,8,1,50,50),
(732,'2025-03-14',22,35,25,5,100,500),
(733,'2025-03-14',71,30,17,8,75,600),
(734,'2025-03-14',35,8,25,2,100,200),
(735,'2025-03-15',98,24,24,1,300,300),
(736,'2025-03-15',55,29,4,4,25,100),
(737,'2025-03-15',39,48,28,4,500,2000),
(738,'2025-03-15',34,3,12,8,100,800),
(739,'2025-03-15',16,6,25,8,25,200),
(740,'2025-03-15',95,16,19,4,100,400),
(741,'2025-03-15',91,45,20,6,50,300),
(742,'2025-03-15',22,41,20,7,50,350),
(743,'2025-03-15',27,9,26,4,100,400),
(744,'2025-03-15',69,4,9,6,200,1200),
(745,'2025-03-15',42,39,23,3,50,150),
(746,'2025-03-15',74,19,9,5,50,250),
(747,'2025-03-16',18,44,25,2,50,100),
(748,'2025-03-16',36,27,28,1,100,100),
(749,'2025-03-16',90,42,28,3,150,450),
(750,'2025-03-16',19,9,23,4,100,400),
(751,'2025-03-16',98,21,27,4,100,400),
(752,'2025-03-16',63,44,5,7,50,350),
(753,'2025-03-16',81,37,14,5,150,750),
(754,'2025-03-16',10,25,21,8,150,1200),
(755,'2025-03-16',52,50,17,2,25,50),
(756,'2025-03-16',89,48,30,5,500,2500),
(757,'2025-03-16',63,24,11,8,300,2400),
(758,'2025-03-16',100,38,28,1,50,50),
(759,'2025-03-17',82,47,22,8,200,1600),
(760,'2025-03-17',9,45,26,6,50,300),
(761,'2025-03-17',28,35,14,7,100,700),
(762,'2025-03-17',35,14,11,8,50,400),
(763,'2025-03-17',71,19,19,6,50,300),
(764,'2025-03-17',44,9,29,8,100,800),
(765,'2025-03-17',6,44,4,1,50,50),
(766,'2025-03-17',3,41,4,8,50,400),
(767,'2025-03-18',1,29,14,8,25,200),
(768,'2025-03-18',84,13,10,3,300,900),
(769,'2025-03-18',12,11,21,5,100,500),
(770,'2025-03-18',11,24,12,5,300,1500),
(771,'2025-03-18',7,43,13,3,150,450),
(772,'2025-03-18',93,41,23,5,50,250),
(773,'2025-03-18',55,49,21,4,50,200),
(774,'2025-03-18',1,6,7,2,25,50),
(775,'2025-03-18',17,31,19,2,75,150),
(776,'2025-03-19',2,34,1,8,300,2400),
(777,'2025-03-19',16,45,28,6,50,300),
(778,'2025-03-19',62,28,3,3,25,75),
(779,'2025-03-19',12,15,24,7,200,1400),
(780,'2025-03-19',41,7,12,2,25,50),
(781,'2025-03-19',49,20,25,3,25,75),
(782,'2025-03-19',83,49,22,3,50,150),
(783,'2025-03-19',68,10,19,2,100,200),
(784,'2025-03-19',57,1,12,3,150,450),
(785,'2025-03-20',53,41,20,3,50,150),
(786,'2025-03-20',28,44,3,8,50,400),
(787,'2025-03-20',97,7,4,3,25,75),
(788,'2025-03-20',45,38,14,7,50,350),
(789,'2025-03-20',32,21,9,3,100,300),
(790,'2025-03-20',32,42,18,2,150,300),
(791,'2025-03-20',100,39,23,5,50,250),
(792,'2025-03-20',27,2,17,5,500,2500),
(793,'2025-03-20',96,39,13,4,50,200),
(794,'2025-03-21',31,42,16,1,150,150),
(795,'2025-03-21',31,25,16,2,150,300),
(796,'2025-03-21',68,41,29,2,50,100),
(797,'2025-03-21',41,1,5,6,150,900),
(798,'2025-03-21',47,25,18,7,150,1050),
(799,'2025-03-21',98,44,16,3,50,150),
(800,'2025-03-21',3,50,19,2,25,50),
(801,'2025-03-21',34,5,7,1,100,100),
(802,'2025-03-21',51,3,17,1,100,100),
(803,'2025-03-21',55,19,23,7,50,350),
(804,'2025-03-22',36,6,3,3,25,75),
(805,'2025-03-22',66,20,30,2,25,50),
(806,'2025-03-22',69,14,11,3,50,150),
(807,'2025-03-22',40,26,23,2,300,600),
(808,'2025-03-22',8,28,8,4,25,100),
(809,'2025-03-22',15,6,15,7,25,175),
(810,'2025-03-22',40,40,22,1,150,150),
(811,'2025-03-22',16,48,1,3,500,1500),
(812,'2025-03-22',90,46,1,3,150,450),
(813,'2025-03-22',45,11,17,8,100,800),
(814,'2025-03-22',22,34,12,5,300,1500),
(815,'2025-03-23',94,48,29,5,500,2500),
(816,'2025-03-23',43,8,26,1,100,100),
(817,'2025-03-23',68,28,3,5,25,125),
(818,'2025-03-23',64,17,15,2,75,150),
(819,'2025-03-23',8,33,16,6,100,600),
(820,'2025-03-23',48,37,6,3,150,450),
(821,'2025-03-23',74,17,22,2,75,150),
(822,'2025-03-23',30,47,24,2,200,400),
(823,'2025-03-23',6,33,28,1,100,100),
(824,'2025-03-24',61,16,12,1,100,100),
(825,'2025-03-24',23,25,30,3,150,450),
(826,'2025-03-24',29,3,11,7,100,700),
(827,'2025-03-24',93,16,11,7,100,700),
(828,'2025-03-24',74,18,12,2,150,300),
(829,'2025-03-24',23,8,8,1,100,100),
(830,'2025-03-24',52,34,3,1,300,300),
(831,'2025-03-24',100,30,28,5,75,375),
(832,'2025-03-25',71,21,15,2,100,200),
(833,'2025-03-25',26,1,10,6,150,900),
(834,'2025-03-25',95,37,20,5,150,750),
(835,'2025-03-25',48,16,19,8,100,800),
(836,'2025-03-25',94,32,29,4,100,400),
(837,'2025-03-25',20,35,1,4,100,400),
(838,'2025-03-25',30,27,18,1,100,100),
(839,'2025-03-25',43,23,1,1,300,300),
(840,'2025-03-25',95,49,24,7,50,350),
(841,'2025-03-25',27,20,17,2,25,50),
(842,'2025-03-26',8,27,5,8,100,800),
(843,'2025-03-26',12,46,2,5,150,750),
(844,'2025-03-26',90,15,29,7,200,1400),
(845,'2025-03-26',96,24,3,8,300,2400),
(846,'2025-03-26',65,38,5,2,50,100),
(847,'2025-03-26',10,41,19,7,50,350),
(848,'2025-03-26',56,37,22,1,150,150),
(849,'2025-03-26',38,9,9,4,100,400),
(850,'2025-03-26',90,21,27,7,100,700),
(851,'2025-03-27',35,21,8,8,100,800),
(852,'2025-03-27',18,5,25,4,100,400),
(853,'2025-03-27',20,50,4,2,25,50),
(854,'2025-03-27',60,11,11,8,100,800),
(855,'2025-03-27',69,27,12,2,100,200),
(856,'2025-03-27',58,50,10,4,25,100),
(857,'2025-03-27',16,30,3,5,75,375),
(858,'2025-03-27',91,11,23,5,100,500),
(859,'2025-03-27',28,39,27,1,50,50),
(860,'2025-03-27',12,21,23,3,100,300),
(861,'2025-03-28',66,23,2,7,300,2100),
(862,'2025-03-28',34,44,27,5,50,250),
(863,'2025-03-28',52,12,28,1,300,300),
(864,'2025-03-28',13,29,15,4,25,100),
(865,'2025-03-28',16,7,1,3,25,75),
(866,'2025-03-28',17,4,7,4,200,800),
(867,'2025-03-28',88,26,21,6,300,1800),
(868,'2025-03-28',75,42,19,2,150,300),
(869,'2025-03-28',3,17,3,2,75,150),
(870,'2025-03-29',17,42,3,8,150,1200),
(871,'2025-03-29',6,22,15,2,500,1000),
(872,'2025-03-29',74,4,14,3,200,600),
(873,'2025-03-29',64,47,1,7,200,1400),
(874,'2025-03-29',23,25,12,7,150,1050),
(875,'2025-03-29',36,14,9,3,50,150),
(876,'2025-03-29',5,29,20,3,25,75),
(877,'2025-03-29',83,40,10,4,150,600),
(878,'2025-03-29',71,32,16,7,100,700),
(879,'2025-03-30',50,6,5,5,25,125),
(880,'2025-03-30',83,27,29,4,100,400),
(881,'2025-03-30',81,34,26,4,300,1200),
(882,'2025-03-30',49,35,26,1,100,100),
(883,'2025-03-30',62,46,18,6,150,900),
(884,'2025-03-30',73,32,17,6,100,600),
(885,'2025-03-30',35,21,6,7,100,700),
(886,'2025-03-30',77,2,8,6,500,3000),
(887,'2025-03-31',8,50,26,5,25,125),
(888,'2025-03-31',99,31,19,6,75,450),
(889,'2025-03-31',13,15,8,3,200,600),
(890,'2025-03-31',35,43,18,4,150,600),
(891,'2025-03-31',98,48,8,1,500,500),
(892,'2025-03-31',46,37,30,7,150,1050),
(893,'2025-03-31',31,12,19,3,300,900),
(894,'2025-03-31',76,21,1,6,100,600),
(895,'2025-04-01',73,37,7,3,150,450),
(896,'2025-04-01',23,32,16,5,100,500),
(897,'2025-04-01',8,3,8,2,100,200),
(898,'2025-04-01',3,39,17,4,50,200),
(899,'2025-04-01',43,31,30,1,75,75),
(900,'2025-04-01',17,40,11,4,150,600),
(901,'2025-04-01',42,46,2,3,150,450),
(902,'2025-04-01',76,2,23,3,500,1500),
(903,'2025-04-01',68,10,28,2,100,200),
(904,'2025-04-01',48,24,23,2,300,600),
(905,'2025-04-02',44,38,10,2,50,100),
(906,'2025-04-02',21,21,24,3,100,300),
(907,'2025-04-02',84,28,11,8,25,200),
(908,'2025-04-02',29,12,22,6,300,1800),
(909,'2025-04-02',49,38,10,3,50,150),
(910,'2025-04-02',17,47,6,5,200,1000),
(911,'2025-04-02',90,47,19,1,200,200),
(912,'2025-04-02',24,26,20,1,300,300),
(913,'2025-04-02',82,21,19,4,100,400),
(914,'2025-04-02',19,7,11,8,25,200),
(915,'2025-04-02',31,48,12,2,500,1000),
(916,'2025-04-03',91,11,22,2,100,200),
(917,'2025-04-03',58,41,1,6,50,300),
(918,'2025-04-03',32,17,23,4,75,300),
(919,'2025-04-03',33,5,26,6,100,600),
(920,'2025-04-03',7,7,13,1,25,25),
(921,'2025-04-03',22,29,29,7,25,175),
(922,'2025-04-03',49,27,12,8,100,800),
(923,'2025-04-03',13,35,27,7,100,700),
(924,'2025-04-03',21,31,15,4,75,300),
(925,'2025-04-03',38,5,1,1,100,100),
(926,'2025-04-04',10,17,11,2,75,150),
(927,'2025-04-04',21,11,24,7,100,700),
(928,'2025-04-04',44,5,20,2,100,200),
(929,'2025-04-04',91,40,1,8,150,1200),
(930,'2025-04-04',78,28,29,3,25,75),
(931,'2025-04-04',7,28,4,3,25,75),
(932,'2025-04-04',25,22,14,4,500,2000),
(933,'2025-04-04',85,45,10,5,50,250),
(934,'2025-04-04',13,20,2,4,25,100),
(935,'2025-04-04',20,26,2,8,300,2400),
(936,'2025-04-05',12,1,10,7,150,1050),
(937,'2025-04-05',26,43,4,8,150,1200),
(938,'2025-04-05',22,2,21,4,500,2000),
(939,'2025-04-05',61,19,28,2,50,100),
(940,'2025-04-05',51,8,16,5,100,500),
(941,'2025-04-05',12,32,21,5,100,500),
(942,'2025-04-05',24,35,12,7,100,700),
(943,'2025-04-05',24,25,15,6,150,900),
(944,'2025-04-05',57,3,15,5,100,500),
(945,'2025-04-05',35,17,19,4,75,300),
(946,'2025-04-06',11,10,22,2,100,200),
(947,'2025-04-06',97,23,19,7,300,2100),
(948,'2025-04-06',50,15,27,1,200,200),
(949,'2025-04-06',69,34,22,7,300,2100),
(950,'2025-04-06',61,31,10,4,75,300),
(951,'2025-04-06',92,6,2,7,25,175),
(952,'2025-04-06',16,33,25,3,100,300),
(953,'2025-04-06',22,29,7,3,25,75),
(954,'2025-04-07',55,9,3,1,100,100),
(955,'2025-04-07',26,44,27,7,50,350),
(956,'2025-04-07',77,41,9,3,50,150),
(957,'2025-04-07',12,21,13,2,100,200),
(958,'2025-04-07',71,36,11,7,150,1050),
(959,'2025-04-07',2,18,26,8,150,1200),
(960,'2025-04-07',15,45,14,7,50,350),
(961,'2025-04-07',73,10,19,3,100,300),
(962,'2025-04-07',14,38,19,2,50,100),
(963,'2025-04-08',53,19,9,6,50,300),
(964,'2025-04-08',74,25,20,8,150,1200),
(965,'2025-04-08',23,31,9,1,75,75),
(966,'2025-04-08',80,26,20,3,300,900),
(967,'2025-04-08',5,44,13,7,50,350),
(968,'2025-04-08',7,22,24,4,500,2000),
(969,'2025-04-08',48,31,1,5,75,375),
(970,'2025-04-08',40,22,9,5,500,2500),
(971,'2025-04-09',30,45,5,2,50,100),
(972,'2025-04-09',100,20,27,8,25,200),
(973,'2025-04-09',94,21,14,5,100,500),
(974,'2025-04-09',25,39,15,2,50,100),
(975,'2025-04-09',95,14,16,7,50,350),
(976,'2025-04-09',8,49,17,6,50,300),
(977,'2025-04-09',40,11,23,2,100,200),
(978,'2025-04-09',18,33,25,7,100,700),
(979,'2025-04-09',23,34,7,1,300,300),
(980,'2025-04-09',32,13,2,1,300,300),
(981,'2025-04-09',47,30,23,1,75,75),
(982,'2025-04-10',60,18,17,6,150,900),
(983,'2025-04-10',88,26,1,2,300,600),
(984,'2025-04-10',63,16,20,6,100,600),
(985,'2025-04-10',61,29,19,3,25,75),
(986,'2025-04-10',45,36,6,6,150,900),
(987,'2025-04-10',37,17,1,2,75,150),
(988,'2025-04-10',21,25,28,1,150,150),
(989,'2025-04-10',29,37,21,4,150,600),
(990,'2025-04-10',35,15,21,4,200,800),
(991,'2025-04-11',100,33,25,1,100,100),
(992,'2025-04-11',61,44,30,1,50,50),
(993,'2025-04-11',77,9,26,3,100,300),
(994,'2025-04-11',33,1,20,4,150,600),
(995,'2025-04-11',55,20,29,5,25,125),
(996,'2025-04-11',59,25,9,6,150,900),
(997,'2025-04-11',39,14,22,8,50,400),
(998,'2025-04-11',75,34,4,7,300,2100),
(999,'2025-04-11',72,1,21,6,150,900),
(1000,'2025-04-11',39,39,22,5,50,250),
(1001,'2025-04-11',9,7,11,8,25,200),
(1002,'2025-04-12',36,41,9,6,50,300),
(1003,'2025-04-12',25,42,5,5,150,750),
(1004,'2025-04-12',8,34,26,4,300,1200),
(1005,'2025-04-12',85,39,11,7,50,350),
(1006,'2025-04-12',93,44,1,3,50,150),
(1007,'2025-04-12',38,42,9,8,150,1200),
(1008,'2025-04-12',50,27,24,7,100,700),
(1009,'2025-04-12',44,3,24,4,100,400),
(1010,'2025-04-12',88,46,18,4,150,600),
(1011,'2025-04-12',86,41,12,8,50,400),
(1012,'2025-04-13',85,20,29,3,25,75),
(1013,'2025-04-13',38,36,4,3,150,450),
(1014,'2025-04-13',95,31,9,3,75,225),
(1015,'2025-04-13',88,47,29,3,200,600),
(1016,'2025-04-13',29,22,12,2,500,1000),
(1017,'2025-04-13',54,15,26,5,200,1000),
(1018,'2025-04-13',34,22,19,6,500,3000),
(1019,'2025-04-13',16,19,16,8,50,400),
(1020,'2025-04-13',61,4,29,2,200,400),
(1021,'2025-04-13',88,13,13,2,300,600),
(1022,'2025-04-13',53,34,2,5,300,1500),
(1023,'2025-04-13',26,10,11,3,100,300),
(1024,'2025-04-14',19,37,11,8,150,1200),
(1025,'2025-04-14',100,46,3,3,150,450),
(1026,'2025-04-14',81,32,6,6,100,600),
(1027,'2025-04-14',1,21,15,1,100,100),
(1028,'2025-04-14',98,18,25,4,150,600),
(1029,'2025-04-14',63,11,26,3,100,300),
(1030,'2025-04-14',17,49,20,2,50,100),
(1031,'2025-04-14',52,28,14,7,25,175),
(1032,'2025-04-14',1,31,2,7,75,525),
(1033,'2025-04-14',94,35,12,4,100,400),
(1034,'2025-04-14',97,1,27,6,150,900),
(1035,'2025-04-15',87,13,1,1,300,300),
(1036,'2025-04-15',29,41,23,4,50,200),
(1037,'2025-04-15',17,23,4,5,300,1500),
(1038,'2025-04-15',22,25,3,5,150,750),
(1039,'2025-04-15',38,3,15,5,100,500),
(1040,'2025-04-15',56,47,29,6,200,1200),
(1041,'2025-04-15',44,44,29,3,50,150),
(1042,'2025-04-15',97,32,7,6,100,600),
(1043,'2025-04-15',3,11,8,7,100,700),
(1044,'2025-04-15',28,15,24,3,200,600),
(1045,'2025-04-15',16,2,12,3,500,1500),
(1046,'2025-04-15',49,46,29,1,150,150),
(1047,'2025-04-16',77,50,2,1,25,25),
(1048,'2025-04-16',84,43,27,2,150,300),
(1049,'2025-04-16',89,2,4,1,500,500),
(1050,'2025-04-16',49,27,4,8,100,800),
(1051,'2025-04-16',61,36,23,5,150,750),
(1052,'2025-04-16',89,10,22,4,100,400),
(1053,'2025-04-16',39,41,14,1,50,50),
(1054,'2025-04-16',85,43,17,2,150,300),
(1055,'2025-04-16',54,18,27,3,150,450),
(1056,'2025-04-16',37,7,4,2,25,50),
(1057,'2025-04-17',78,32,7,4,100,400),
(1058,'2025-04-17',67,50,7,5,25,125),
(1059,'2025-04-17',38,23,6,7,300,2100),
(1060,'2025-04-17',27,3,23,8,100,800),
(1061,'2025-04-17',31,31,1,6,75,450),
(1062,'2025-04-17',15,1,27,2,150,300),
(1063,'2025-04-17',20,37,3,8,150,1200),
(1064,'2025-04-17',93,50,24,2,25,50),
(1065,'2025-04-18',59,17,10,4,75,300),
(1066,'2025-04-18',7,17,4,8,75,600),
(1067,'2025-04-18',38,12,12,1,300,300),
(1068,'2025-04-18',55,44,24,6,50,300),
(1069,'2025-04-18',98,8,29,2,100,200),
(1070,'2025-04-18',18,3,22,1,100,100),
(1071,'2025-04-18',43,42,12,3,150,450),
(1072,'2025-04-18',94,29,3,5,25,125),
(1073,'2025-04-19',15,22,13,3,500,1500),
(1074,'2025-04-19',35,26,27,8,300,2400),
(1075,'2025-04-19',54,25,21,8,150,1200),
(1076,'2025-04-19',17,11,23,2,100,200),
(1077,'2025-04-19',21,47,4,1,200,200),
(1078,'2025-04-19',73,27,22,8,100,800),
(1079,'2025-04-19',79,29,13,3,25,75),
(1080,'2025-04-19',79,50,1,6,25,150),
(1081,'2025-04-19',62,44,30,3,50,150),
(1082,'2025-04-19',53,32,15,2,100,200),
(1083,'2025-04-20',84,5,11,5,100,500),
(1084,'2025-04-20',86,1,28,4,150,600),
(1085,'2025-04-20',56,22,22,2,500,1000),
(1086,'2025-04-20',62,47,12,4,200,800),
(1087,'2025-04-20',20,43,27,7,150,1050),
(1088,'2025-04-20',2,36,21,1,150,150),
(1089,'2025-04-20',64,11,28,8,100,800),
(1090,'2025-04-20',97,11,16,2,100,200),
(1091,'2025-04-21',36,16,2,6,100,600),
(1092,'2025-04-21',71,33,21,4,100,400),
(1093,'2025-04-21',31,25,3,7,150,1050),
(1094,'2025-04-21',74,30,15,8,75,600),
(1095,'2025-04-21',58,6,11,8,25,200),
(1096,'2025-04-21',96,8,21,8,100,800),
(1097,'2025-04-21',52,2,14,2,500,1000),
(1098,'2025-04-21',12,3,26,1,100,100),
(1099,'2025-04-21',66,39,18,5,50,250),
(1100,'2025-04-21',44,14,12,8,50,400),
(1101,'2025-04-22',43,15,18,8,200,1600),
(1102,'2025-04-22',92,50,22,8,25,200),
(1103,'2025-04-22',15,24,4,8,300,2400),
(1104,'2025-04-22',1,49,11,4,50,200),
(1105,'2025-04-22',71,23,17,5,300,1500),
(1106,'2025-04-22',6,24,29,2,300,600),
(1107,'2025-04-22',18,11,27,8,100,800),
(1108,'2025-04-22',14,46,9,7,150,1050),
(1109,'2025-04-23',16,13,30,4,300,1200),
(1110,'2025-04-23',59,26,27,4,300,1200),
(1111,'2025-04-23',14,13,25,6,300,1800),
(1112,'2025-04-23',82,27,27,1,100,100),
(1113,'2025-04-23',99,44,29,2,50,100),
(1114,'2025-04-23',85,29,19,8,25,200),
(1115,'2025-04-23',64,33,1,3,100,300),
(1116,'2025-04-23',71,34,30,1,300,300),
(1117,'2025-04-23',66,28,25,8,25,200),
(1118,'2025-04-23',94,12,27,3,300,900),
(1119,'2025-04-23',50,9,22,2,100,200),
(1120,'2025-04-23',65,39,29,6,50,300),
(1121,'2025-04-24',36,27,13,4,100,400),
(1122,'2025-04-24',58,22,26,5,500,2500),
(1123,'2025-04-24',53,9,20,3,100,300),
(1124,'2025-04-24',90,45,18,5,50,250),
(1125,'2025-04-24',26,21,7,4,100,400),
(1126,'2025-04-24',88,40,12,5,150,750),
(1127,'2025-04-24',91,44,21,3,50,150),
(1128,'2025-04-24',91,12,4,6,300,1800),
(1129,'2025-04-24',72,49,16,6,50,300),
(1130,'2025-04-24',87,38,24,7,50,350),
(1131,'2025-04-24',55,35,26,5,100,500),
(1132,'2025-04-25',4,34,13,2,300,600),
(1133,'2025-04-25',86,10,2,1,100,100),
(1134,'2025-04-25',97,13,26,5,300,1500),
(1135,'2025-04-25',88,11,9,5,100,500),
(1136,'2025-04-25',89,10,26,1,100,100),
(1137,'2025-04-25',97,19,18,4,50,200),
(1138,'2025-04-25',58,3,4,6,100,600),
(1139,'2025-04-25',96,40,21,4,150,600),
(1140,'2025-04-26',66,25,26,4,150,600),
(1141,'2025-04-26',89,45,22,5,50,250),
(1142,'2025-04-26',50,4,14,7,200,1400),
(1143,'2025-04-26',71,44,2,6,50,300),
(1144,'2025-04-26',26,1,20,5,150,750),
(1145,'2025-04-26',29,50,30,8,25,200),
(1146,'2025-04-26',97,41,19,6,50,300),
(1147,'2025-04-26',100,35,24,4,100,400),
(1148,'2025-04-26',58,13,6,5,300,1500),
(1149,'2025-04-26',24,44,6,2,50,100),
(1150,'2025-04-26',49,48,2,2,500,1000),
(1151,'2025-04-26',72,28,9,5,25,125),
(1152,'2025-04-27',1,11,11,5,100,500),
(1153,'2025-04-27',6,30,5,3,75,225),
(1154,'2025-04-27',100,21,30,1,100,100),
(1155,'2025-04-27',63,41,26,5,50,250),
(1156,'2025-04-27',10,37,26,6,150,900),
(1157,'2025-04-27',68,46,8,6,150,900),
(1158,'2025-04-27',65,12,6,2,300,600),
(1159,'2025-04-27',12,27,12,7,100,700),
(1160,'2025-04-27',85,15,11,4,200,800),
(1161,'2025-04-28',28,24,25,5,300,1500),
(1162,'2025-04-28',72,40,27,8,150,1200),
(1163,'2025-04-28',15,49,22,1,50,50),
(1164,'2025-04-28',31,23,29,8,300,2400),
(1165,'2025-04-28',6,42,22,4,150,600),
(1166,'2025-04-28',15,21,13,7,100,700),
(1167,'2025-04-28',4,17,30,5,75,375),
(1168,'2025-04-28',66,34,26,6,300,1800),
(1169,'2025-04-28',63,33,2,8,100,800),
(1170,'2025-04-28',42,19,17,4,50,200),
(1171,'2025-04-29',99,7,18,3,25,75),
(1172,'2025-04-29',81,35,3,1,100,100),
(1173,'2025-04-29',88,14,14,4,50,200),
(1174,'2025-04-29',69,7,27,4,25,100),
(1175,'2025-04-29',83,45,27,7,50,350),
(1176,'2025-04-29',4,5,15,3,100,300),
(1177,'2025-04-29',5,46,3,6,150,900),
(1178,'2025-04-29',23,5,26,1,100,100),
(1179,'2025-04-30',74,36,27,2,150,300),
(1180,'2025-04-30',53,15,13,5,200,1000),
(1181,'2025-04-30',56,29,11,7,25,175),
(1182,'2025-04-30',87,2,4,7,500,3500),
(1183,'2025-04-30',83,35,24,1,100,100),
(1184,'2025-04-30',97,40,24,2,150,300),
(1185,'2025-04-30',90,38,28,1,50,50),
(1186,'2025-04-30',65,5,4,6,100,600),
(1187,'2025-04-30',78,19,3,5,50,250),
(1188,'2025-04-30',49,19,13,8,50,400),
(1189,'2025-05-01',69,31,8,3,75,225),
(1190,'2025-05-01',70,9,10,7,100,700),
(1191,'2025-05-01',39,41,22,3,50,150),
(1192,'2025-05-01',2,47,18,6,200,1200),
(1193,'2025-05-01',16,36,2,3,150,450),
(1194,'2025-05-01',69,1,18,7,150,1050),
(1195,'2025-05-01',27,6,24,5,25,125),
(1196,'2025-05-01',28,48,14,6,500,3000),
(1197,'2025-05-02',24,10,8,3,100,300),
(1198,'2025-05-02',25,40,4,5,150,750),
(1199,'2025-05-02',97,12,30,1,300,300),
(1200,'2025-05-02',83,36,18,8,150,1200),
(1201,'2025-05-02',86,5,3,5,100,500),
(1202,'2025-05-02',26,17,24,2,75,150),
(1203,'2025-05-02',43,38,12,8,50,400),
(1204,'2025-05-02',13,9,10,4,100,400),
(1205,'2025-05-02',25,40,11,2,150,300),
(1206,'2025-05-02',43,32,20,8,100,800),
(1207,'2025-05-02',89,43,19,5,150,750),
(1208,'2025-05-02',41,10,14,6,100,600),
(1209,'2025-05-03',32,1,26,6,150,900),
(1210,'2025-05-03',36,15,27,7,200,1400),
(1211,'2025-05-03',87,24,24,3,300,900),
(1212,'2025-05-03',60,22,15,8,500,4000),
(1213,'2025-05-03',63,23,18,5,300,1500),
(1214,'2025-05-03',83,7,20,3,25,75),
(1215,'2025-05-03',18,6,29,5,25,125),
(1216,'2025-05-03',34,35,24,4,100,400),
(1217,'2025-05-03',94,41,3,2,50,100),
(1218,'2025-05-04',75,33,19,1,100,100),
(1219,'2025-05-04',5,26,18,4,300,1200),
(1220,'2025-05-04',84,17,25,8,75,600),
(1221,'2025-05-04',51,10,8,6,100,600),
(1222,'2025-05-04',18,50,15,5,25,125),
(1223,'2025-05-04',51,33,12,2,100,200),
(1224,'2025-05-04',85,33,8,1,100,100),
(1225,'2025-05-04',97,40,17,3,150,450),
(1226,'2025-05-05',23,29,19,3,25,75),
(1227,'2025-05-05',95,37,24,3,150,450),
(1228,'2025-05-05',6,31,8,6,75,450),
(1229,'2025-05-05',30,49,3,8,50,400),
(1230,'2025-05-05',30,17,2,6,75,450),
(1231,'2025-05-05',67,43,30,4,150,600),
(1232,'2025-05-05',61,24,30,7,300,2100),
(1233,'2025-05-05',6,30,21,1,75,75),
(1234,'2025-05-05',91,21,17,2,100,200),
(1235,'2025-05-06',75,48,18,5,500,2500),
(1236,'2025-05-06',49,37,21,3,150,450),
(1237,'2025-05-06',76,25,21,6,150,900),
(1238,'2025-05-06',49,5,30,5,100,500),
(1239,'2025-05-06',46,15,27,7,200,1400),
(1240,'2025-05-06',62,23,29,8,300,2400),
(1241,'2025-05-06',65,39,29,1,50,50),
(1242,'2025-05-06',22,9,8,8,100,800),
(1243,'2025-05-06',28,5,5,5,100,500),
(1244,'2025-05-06',47,12,20,3,300,900),
(1245,'2025-05-07',54,43,26,4,150,600),
(1246,'2025-05-07',62,22,22,2,500,1000),
(1247,'2025-05-07',27,31,19,8,75,600),
(1248,'2025-05-07',3,11,8,7,100,700),
(1249,'2025-05-07',74,3,19,3,100,300),
(1250,'2025-05-07',81,11,17,3,100,300),
(1251,'2025-05-07',8,3,6,3,100,300),
(1252,'2025-05-07',67,17,13,3,75,225),
(1253,'2025-05-08',93,37,24,1,150,150),
(1254,'2025-05-08',11,43,7,5,150,750),
(1255,'2025-05-08',62,29,6,8,25,200),
(1256,'2025-05-08',77,15,5,7,200,1400),
(1257,'2025-05-08',80,38,22,3,50,150),
(1258,'2025-05-08',22,33,24,5,100,500),
(1259,'2025-05-08',59,44,20,6,50,300),
(1260,'2025-05-08',30,38,13,2,50,100),
(1261,'2025-05-08',14,25,1,3,150,450),
(1262,'2025-05-08',20,13,20,7,300,2100),
(1263,'2025-05-08',61,7,29,3,25,75),
(1264,'2025-05-08',69,40,17,1,150,150),
(1265,'2025-05-09',85,6,5,8,25,200),
(1266,'2025-05-09',100,39,22,1,50,50),
(1267,'2025-05-09',67,42,14,7,150,1050),
(1268,'2025-05-09',90,24,17,1,300,300),
(1269,'2025-05-09',62,28,26,4,25,100),
(1270,'2025-05-09',45,50,19,7,25,175),
(1271,'2025-05-09',55,48,5,2,500,1000),
(1272,'2025-05-09',99,17,8,8,75,600),
(1273,'2025-05-10',33,19,7,7,50,350),
(1274,'2025-05-10',74,1,17,1,150,150),
(1275,'2025-05-10',49,8,21,1,100,100),
(1276,'2025-05-10',53,14,12,6,50,300),
(1277,'2025-05-10',55,7,21,3,25,75),
(1278,'2025-05-10',34,38,28,5,50,250),
(1279,'2025-05-10',73,35,12,7,100,700),
(1280,'2025-05-10',88,40,13,5,150,750),
(1281,'2025-05-11',23,27,12,8,100,800),
(1282,'2025-05-11',33,36,10,8,150,1200),
(1283,'2025-05-11',100,37,23,6,150,900),
(1284,'2025-05-11',85,26,4,3,300,900),
(1285,'2025-05-11',58,48,26,4,500,2000),
(1286,'2025-05-11',13,45,7,3,50,150),
(1287,'2025-05-11',44,33,26,7,100,700),
(1288,'2025-05-11',21,36,13,1,150,150),
(1289,'2025-05-11',12,41,27,1,50,50),
(1290,'2025-05-12',12,31,3,7,75,525),
(1291,'2025-05-12',48,17,3,4,75,300),
(1292,'2025-05-12',93,39,13,1,50,50),
(1293,'2025-05-12',92,26,20,5,300,1500),
(1294,'2025-05-12',82,4,16,3,200,600),
(1295,'2025-05-12',26,29,28,1,25,25),
(1296,'2025-05-12',25,43,2,5,150,750),
(1297,'2025-05-12',79,39,6,4,50,200),
(1298,'2025-05-12',47,44,8,1,50,50),
(1299,'2025-05-13',36,11,25,2,100,200),
(1300,'2025-05-13',86,26,13,6,300,1800),
(1301,'2025-05-13',67,26,1,4,300,1200),
(1302,'2025-05-13',12,48,18,2,500,1000),
(1303,'2025-05-13',45,19,27,6,50,300),
(1304,'2025-05-13',78,18,7,4,150,600),
(1305,'2025-05-13',74,30,1,7,75,525),
(1306,'2025-05-13',53,17,17,3,75,225),
(1307,'2025-05-14',65,36,10,2,150,300),
(1308,'2025-05-14',66,22,9,2,500,1000),
(1309,'2025-05-14',89,35,15,5,100,500),
(1310,'2025-05-14',99,25,8,8,150,1200),
(1311,'2025-05-14',100,49,15,6,50,300),
(1312,'2025-05-14',76,44,28,8,50,400),
(1313,'2025-05-14',15,2,9,8,500,4000),
(1314,'2025-05-14',82,5,26,7,100,700),
(1315,'2025-05-15',41,44,14,4,50,200),
(1316,'2025-05-15',90,23,27,1,300,300),
(1317,'2025-05-15',37,17,3,4,75,300),
(1318,'2025-05-15',10,26,18,6,300,1800),
(1319,'2025-05-15',41,12,12,8,300,2400),
(1320,'2025-05-15',24,14,24,5,50,250),
(1321,'2025-05-15',64,44,24,4,50,200),
(1322,'2025-05-15',95,13,8,4,300,1200),
(1323,'2025-05-15',30,17,7,4,75,300),
(1324,'2025-05-16',20,40,25,6,150,900),
(1325,'2025-05-16',11,7,22,2,25,50),
(1326,'2025-05-16',79,43,1,8,150,1200),
(1327,'2025-05-16',62,49,12,1,50,50),
(1328,'2025-05-16',64,40,29,6,150,900),
(1329,'2025-05-16',63,37,6,5,150,750),
(1330,'2025-05-16',51,49,8,5,50,250),
(1331,'2025-05-16',7,49,17,3,50,150),
(1332,'2025-05-16',70,28,2,8,25,200),
(1333,'2025-05-17',88,23,25,7,300,2100),
(1334,'2025-05-17',16,12,23,8,300,2400),
(1335,'2025-05-17',41,34,23,8,300,2400),
(1336,'2025-05-17',87,1,7,1,150,150),
(1337,'2025-05-17',42,25,12,2,150,300),
(1338,'2025-05-17',24,40,18,5,150,750),
(1339,'2025-05-17',35,17,16,4,75,300),
(1340,'2025-05-17',47,40,6,6,150,900),
(1341,'2025-05-17',27,32,14,7,100,700),
(1342,'2025-05-17',47,45,28,6,50,300),
(1343,'2025-05-17',58,26,6,5,300,1500),
(1344,'2025-05-17',74,37,22,3,150,450),
(1345,'2025-05-18',31,7,18,5,25,125),
(1346,'2025-05-18',26,28,5,7,25,175),
(1347,'2025-05-18',61,48,26,3,500,1500),
(1348,'2025-05-18',54,1,16,3,150,450),
(1349,'2025-05-18',63,9,10,6,100,600),
(1350,'2025-05-18',51,17,4,1,75,75),
(1351,'2025-05-18',8,45,7,3,50,150),
(1352,'2025-05-18',81,17,4,8,75,600),
(1353,'2025-05-18',34,29,12,6,25,150),
(1354,'2025-05-19',45,36,1,5,150,750),
(1355,'2025-05-19',45,27,28,2,100,200),
(1356,'2025-05-19',74,44,19,4,50,200),
(1357,'2025-05-19',100,42,10,3,150,450),
(1358,'2025-05-19',87,23,17,6,300,1800),
(1359,'2025-05-19',11,32,13,8,100,800),
(1360,'2025-05-19',60,40,21,5,150,750),
(1361,'2025-05-19',82,10,26,3,100,300),
(1362,'2025-05-19',81,22,20,7,500,3500),
(1363,'2025-05-19',10,37,3,7,150,1050),
(1364,'2025-05-20',41,22,11,4,500,2000),
(1365,'2025-05-20',91,42,9,5,150,750),
(1366,'2025-05-20',35,39,29,7,50,350),
(1367,'2025-05-20',96,29,19,6,25,150),
(1368,'2025-05-20',53,34,6,8,300,2400),
(1369,'2025-05-20',17,12,24,1,300,300),
(1370,'2025-05-20',96,16,23,5,100,500),
(1371,'2025-05-20',27,48,6,2,500,1000),
(1372,'2025-05-20',13,26,3,2,300,600),
(1373,'2025-05-21',4,36,25,1,150,150),
(1374,'2025-05-21',14,26,9,2,300,600),
(1375,'2025-05-21',11,40,21,3,150,450),
(1376,'2025-05-21',30,25,8,5,150,750),
(1377,'2025-05-21',57,48,21,5,500,2500),
(1378,'2025-05-21',68,9,27,3,100,300),
(1379,'2025-05-21',5,11,22,1,100,100),
(1380,'2025-05-21',61,23,15,6,300,1800),
(1381,'2025-05-21',71,35,15,5,100,500),
(1382,'2025-05-21',76,9,20,3,100,300),
(1383,'2025-05-21',68,30,21,7,75,525),
(1384,'2025-05-22',62,20,18,6,25,150),
(1385,'2025-05-22',57,15,10,2,200,400),
(1386,'2025-05-22',34,24,5,7,300,2100),
(1387,'2025-05-22',1,20,17,1,25,25),
(1388,'2025-05-22',45,49,10,3,50,150),
(1389,'2025-05-22',89,31,30,1,75,75),
(1390,'2025-05-22',39,32,1,8,100,800),
(1391,'2025-05-22',38,50,20,7,25,175),
(1392,'2025-05-22',71,15,12,1,200,200),
(1393,'2025-05-22',72,13,14,7,300,2100),
(1394,'2025-05-22',21,26,23,4,300,1200),
(1395,'2025-05-22',49,48,8,7,500,3500),
(1396,'2025-05-23',81,6,8,7,25,175),
(1397,'2025-05-23',37,34,21,5,300,1500),
(1398,'2025-05-23',53,48,7,5,500,2500),
(1399,'2025-05-23',18,5,10,3,100,300),
(1400,'2025-05-23',80,8,15,8,100,800),
(1401,'2025-05-23',25,18,11,8,150,1200),
(1402,'2025-05-23',7,2,18,3,500,1500),
(1403,'2025-05-23',14,2,10,3,500,1500),
(1404,'2025-05-23',92,18,15,3,150,450),
(1405,'2025-05-23',30,47,3,1,200,200),
(1406,'2025-05-24',28,1,11,8,150,1200),
(1407,'2025-05-24',64,27,12,5,100,500),
(1408,'2025-05-24',43,30,3,1,75,75),
(1409,'2025-05-24',8,49,9,3,50,150),
(1410,'2025-05-24',10,50,18,7,25,175),
(1411,'2025-05-24',25,31,29,3,75,225),
(1412,'2025-05-24',2,17,4,7,75,525),
(1413,'2025-05-24',50,50,25,4,25,100),
(1414,'2025-05-24',95,29,2,4,25,100),
(1415,'2025-05-25',67,30,22,2,75,150),
(1416,'2025-05-25',50,14,22,8,50,400),
(1417,'2025-05-25',21,20,21,6,25,150),
(1418,'2025-05-25',96,47,30,1,200,200),
(1419,'2025-05-25',33,36,16,2,150,300),
(1420,'2025-05-25',26,41,12,5,50,250),
(1421,'2025-05-25',15,4,8,4,200,800),
(1422,'2025-05-25',42,41,1,7,50,350),
(1423,'2025-05-25',75,11,4,5,100,500),
(1424,'2025-05-26',6,16,19,1,100,100),
(1425,'2025-05-26',89,45,20,8,50,400),
(1426,'2025-05-26',99,10,3,6,100,600),
(1427,'2025-05-26',64,16,3,3,100,300),
(1428,'2025-05-26',98,44,21,6,50,300),
(1429,'2025-05-26',46,4,21,1,200,200),
(1430,'2025-05-26',17,10,16,2,100,200),
(1431,'2025-05-26',72,15,26,6,200,1200),
(1432,'2025-05-26',57,42,24,6,150,900),
(1433,'2025-05-26',89,13,13,1,300,300),
(1434,'2025-05-26',33,23,29,3,300,900),
(1435,'2025-05-27',72,32,10,8,100,800),
(1436,'2025-05-27',25,35,19,8,100,800),
(1437,'2025-05-27',42,12,24,6,300,1800),
(1438,'2025-05-27',77,30,30,5,75,375),
(1439,'2025-05-27',9,36,17,3,150,450),
(1440,'2025-05-27',38,10,27,8,100,800),
(1441,'2025-05-27',59,17,1,6,75,450),
(1442,'2025-05-27',94,50,6,7,25,175),
(1443,'2025-05-28',100,40,20,6,150,900),
(1444,'2025-05-28',93,16,3,6,100,600),
(1445,'2025-05-28',25,43,17,7,150,1050),
(1446,'2025-05-28',99,44,18,8,50,400),
(1447,'2025-05-28',42,10,14,5,100,500),
(1448,'2025-05-28',15,42,4,6,150,900),
(1449,'2025-05-28',6,34,27,2,300,600),
(1450,'2025-05-28',5,9,7,3,100,300),
(1451,'2025-05-29',13,32,2,4,100,400),
(1452,'2025-05-29',85,37,16,7,150,1050),
(1453,'2025-05-29',7,34,12,5,300,1500),
(1454,'2025-05-29',2,15,30,2,200,400),
(1455,'2025-05-29',11,14,15,8,50,400),
(1456,'2025-05-29',47,41,18,1,50,50),
(1457,'2025-05-29',48,48,26,7,500,3500),
(1458,'2025-05-29',79,46,9,1,150,150),
(1459,'2025-05-30',39,3,3,2,100,200),
(1460,'2025-05-30',13,14,24,2,50,100),
(1461,'2025-05-30',25,15,7,7,200,1400),
(1462,'2025-05-30',73,34,21,4,300,1200),
(1463,'2025-05-30',96,12,4,7,300,2100),
(1464,'2025-05-30',87,50,15,6,25,150),
(1465,'2025-05-30',14,45,6,7,50,350),
(1466,'2025-05-30',65,12,11,7,300,2100),
(1467,'2025-05-30',69,43,20,3,150,450),
(1468,'2025-05-30',41,29,18,6,25,150),
(1469,'2025-05-30',53,21,25,6,100,600),
(1470,'2025-05-30',93,41,11,7,50,350),
(1471,'2025-05-31',49,16,25,4,100,400),
(1472,'2025-05-31',47,36,15,5,150,750),
(1473,'2025-05-31',1,29,24,7,25,175),
(1474,'2025-05-31',77,3,1,5,100,500),
(1475,'2025-05-31',39,34,1,3,300,900),
(1476,'2025-05-31',28,20,28,4,25,100),
(1477,'2025-05-31',99,21,27,1,100,100),
(1478,'2025-05-31',71,45,17,5,50,250),
(1479,'2025-05-31',13,36,2,3,150,450),
(1480,'2025-05-31',20,30,5,6,75,450),
(1481,'2025-05-31',75,17,8,6,75,450),
(1482,'2025-05-31',39,15,3,5,200,1000),
(1483,'2025-06-01',94,26,3,4,300,1200),
(1484,'2025-06-01',62,47,6,6,200,1200),
(1485,'2025-06-01',77,32,21,2,100,200),
(1486,'2025-06-01',94,20,26,1,25,25),
(1487,'2025-06-01',11,37,25,7,150,1050),
(1488,'2025-06-01',45,4,29,6,200,1200),
(1489,'2025-06-01',16,28,28,7,25,175),
(1490,'2025-06-01',96,50,21,4,25,100),
(1491,'2025-06-01',82,39,25,1,50,50),
(1492,'2025-06-01',7,41,10,7,50,350),
(1493,'2025-06-01',41,34,18,1,300,300),
(1494,'2025-06-01',42,37,17,3,150,450),
(1495,'2025-06-02',87,10,24,1,100,100),
(1496,'2025-06-02',97,26,20,8,300,2400),
(1497,'2025-06-02',29,37,14,2,150,300),
(1498,'2025-06-02',19,19,5,7,50,350),
(1499,'2025-06-02',61,22,19,2,500,1000),
(1500,'2025-06-02',71,48,13,1,500,500),
(1501,'2025-06-02',52,17,17,2,75,150),
(1502,'2025-06-02',98,28,5,3,25,75),
(1503,'2025-06-02',63,31,13,4,75,300),
(1504,'2025-06-03',32,13,3,4,300,1200),
(1505,'2025-06-03',42,18,22,7,150,1050),
(1506,'2025-06-03',15,37,22,2,150,300),
(1507,'2025-06-03',47,27,12,7,100,700),
(1508,'2025-06-03',45,13,20,6,300,1800),
(1509,'2025-06-03',99,42,10,1,150,150),
(1510,'2025-06-03',79,11,27,6,100,600),
(1511,'2025-06-03',57,29,2,3,25,75),
(1512,'2025-06-03',88,15,12,4,200,800),
(1513,'2025-06-03',15,10,24,2,100,200),
(1514,'2025-06-03',80,4,30,4,200,800),
(1515,'2025-06-03',2,10,11,5,100,500),
(1516,'2025-06-04',61,20,1,8,25,200),
(1517,'2025-06-04',95,22,18,4,500,2000),
(1518,'2025-06-04',70,14,17,4,50,200),
(1519,'2025-06-04',71,49,16,5,50,250),
(1520,'2025-06-04',89,40,23,3,150,450),
(1521,'2025-06-04',49,43,19,1,150,150),
(1522,'2025-06-04',33,43,6,1,150,150),
(1523,'2025-06-04',26,4,26,5,200,1000),
(1524,'2025-06-05',60,18,21,1,150,150),
(1525,'2025-06-05',50,1,22,2,150,300),
(1526,'2025-06-05',14,18,1,6,150,900),
(1527,'2025-06-05',30,19,13,7,50,350),
(1528,'2025-06-05',41,33,16,2,100,200),
(1529,'2025-06-05',24,39,7,2,50,100),
(1530,'2025-06-05',72,33,30,8,100,800),
(1531,'2025-06-05',6,46,8,1,150,150),
(1532,'2025-06-05',43,34,16,5,300,1500),
(1533,'2025-06-05',3,26,12,3,300,900),
(1534,'2025-06-05',46,44,21,6,50,300),
(1535,'2025-06-05',65,20,9,4,25,100),
(1536,'2025-06-06',50,41,29,5,50,250),
(1537,'2025-06-06',29,2,5,5,500,2500),
(1538,'2025-06-06',85,22,5,7,500,3500),
(1539,'2025-06-06',67,6,22,7,25,175),
(1540,'2025-06-06',54,40,8,4,150,600),
(1541,'2025-06-06',55,37,10,3,150,450),
(1542,'2025-06-06',58,39,18,6,50,300),
(1543,'2025-06-06',84,9,5,4,100,400),
(1544,'2025-06-07',18,35,10,4,100,400),
(1545,'2025-06-07',56,45,30,3,50,150),
(1546,'2025-06-07',84,50,30,3,25,75),
(1547,'2025-06-07',41,37,3,3,150,450),
(1548,'2025-06-07',24,36,11,2,150,300),
(1549,'2025-06-07',98,10,11,1,100,100),
(1550,'2025-06-07',39,27,15,7,100,700),
(1551,'2025-06-07',20,48,25,5,500,2500),
(1552,'2025-06-07',17,13,6,2,300,600),
(1553,'2025-06-07',78,2,19,5,500,2500),
(1554,'2025-06-07',77,40,8,4,150,600),
(1555,'2025-06-07',46,15,3,1,200,200),
(1556,'2025-06-08',92,9,21,8,100,800),
(1557,'2025-06-08',50,24,16,3,300,900),
(1558,'2025-06-08',21,31,7,3,75,225),
(1559,'2025-06-08',53,15,25,1,200,200),
(1560,'2025-06-08',53,1,8,5,150,750),
(1561,'2025-06-08',97,48,7,4,500,2000),
(1562,'2025-06-08',57,5,28,3,100,300),
(1563,'2025-06-08',89,40,11,8,150,1200),
(1564,'2025-06-08',55,30,13,4,75,300),
(1565,'2025-06-08',78,50,24,1,25,25),
(1566,'2025-06-08',51,25,20,6,150,900),
(1567,'2025-06-09',67,39,4,1,50,50),
(1568,'2025-06-09',6,29,29,8,25,200),
(1569,'2025-06-09',95,16,2,7,100,700),
(1570,'2025-06-09',67,36,25,7,150,1050),
(1571,'2025-06-09',25,41,10,1,50,50),
(1572,'2025-06-09',39,29,25,7,25,175),
(1573,'2025-06-09',22,19,14,8,50,400),
(1574,'2025-06-09',89,19,17,1,50,50),
(1575,'2025-06-09',83,10,15,8,100,800),
(1576,'2025-06-09',24,6,25,2,25,50),
(1577,'2025-06-09',51,38,14,3,50,150),
(1578,'2025-06-09',4,21,6,8,100,800),
(1579,'2025-06-10',59,38,3,4,50,200),
(1580,'2025-06-10',89,17,21,6,75,450),
(1581,'2025-06-10',92,46,24,3,150,450),
(1582,'2025-06-10',15,8,23,2,100,200),
(1583,'2025-06-10',11,29,17,6,25,150),
(1584,'2025-06-10',94,46,26,7,150,1050),
(1585,'2025-06-10',49,33,18,3,100,300),
(1586,'2025-06-10',99,25,6,1,150,150),
(1587,'2025-06-10',21,22,28,3,500,1500),
(1588,'2025-06-10',99,10,23,3,100,300),
(1589,'2025-06-10',40,4,10,7,200,1400),
(1590,'2025-06-11',16,19,29,3,50,150),
(1591,'2025-06-11',1,9,20,4,100,400),
(1592,'2025-06-11',2,49,15,5,50,250),
(1593,'2025-06-11',70,32,26,8,100,800),
(1594,'2025-06-11',31,1,7,8,150,1200),
(1595,'2025-06-11',59,38,14,8,50,400),
(1596,'2025-06-11',77,29,20,2,25,50),
(1597,'2025-06-11',71,1,9,4,150,600),
(1598,'2025-06-11',7,40,6,4,150,600),
(1599,'2025-06-11',84,10,12,1,100,100),
(1600,'2025-06-11',5,3,22,3,100,300),
(1601,'2025-06-12',43,39,30,5,50,250),
(1602,'2025-06-12',14,6,14,1,25,25),
(1603,'2025-06-12',87,12,10,3,300,900),
(1604,'2025-06-12',59,40,24,3,150,450),
(1605,'2025-06-12',5,38,3,6,50,300),
(1606,'2025-06-12',42,50,12,5,25,125),
(1607,'2025-06-12',98,25,14,2,150,300),
(1608,'2025-06-12',38,36,16,2,150,300),
(1609,'2025-06-12',89,9,28,2,100,200),
(1610,'2025-06-12',68,18,14,6,150,900),
(1611,'2025-06-12',90,34,7,4,300,1200),
(1612,'2025-06-12',14,40,19,1,150,150),
(1613,'2025-06-13',93,6,23,8,25,200),
(1614,'2025-06-13',55,39,20,5,50,250),
(1615,'2025-06-13',68,21,19,5,100,500),
(1616,'2025-06-13',17,40,20,6,150,900),
(1617,'2025-06-13',67,37,24,8,150,1200),
(1618,'2025-06-13',64,41,26,8,50,400),
(1619,'2025-06-13',91,12,10,4,300,1200),
(1620,'2025-06-13',16,13,1,1,300,300),
(1621,'2025-06-13',95,30,28,2,75,150),
(1622,'2025-06-13',53,14,2,7,50,350),
(1623,'2025-06-13',72,22,26,6,500,3000),
(1624,'2025-06-13',2,41,21,4,50,200),
(1625,'2025-06-14',33,45,26,5,50,250),
(1626,'2025-06-14',39,5,17,5,100,500),
(1627,'2025-06-14',99,36,1,6,150,900),
(1628,'2025-06-14',44,8,13,6,100,600),
(1629,'2025-06-14',23,47,7,1,200,200),
(1630,'2025-06-14',87,22,16,6,500,3000),
(1631,'2025-06-14',83,31,5,1,75,75),
(1632,'2025-06-14',81,31,15,3,75,225),
(1633,'2025-06-14',60,35,26,6,100,600),
(1634,'2025-06-15',67,48,10,1,500,500),
(1635,'2025-06-15',72,37,18,6,150,900),
(1636,'2025-06-15',74,2,22,4,500,2000),
(1637,'2025-06-15',9,22,5,6,500,3000),
(1638,'2025-06-15',44,18,13,1,150,150),
(1639,'2025-06-15',74,41,20,3,50,150),
(1640,'2025-06-15',77,25,4,3,150,450),
(1641,'2025-06-15',91,49,28,5,50,250),
(1642,'2025-06-15',35,21,14,1,100,100),
(1643,'2025-06-15',31,6,12,8,25,200),
(1644,'2025-06-15',28,29,17,5,25,125),
(1645,'2025-06-16',48,12,26,2,300,600),
(1646,'2025-06-16',12,3,15,4,100,400),
(1647,'2025-06-16',62,33,29,1,100,100),
(1648,'2025-06-16',25,33,11,3,100,300),
(1649,'2025-06-16',100,31,11,5,75,375),
(1650,'2025-06-16',67,10,22,2,100,200),
(1651,'2025-06-16',93,9,2,4,100,400),
(1652,'2025-06-16',92,30,28,7,75,525),
(1653,'2025-06-16',1,34,10,2,300,600),
(1654,'2025-06-16',43,3,15,2,100,200),
(1655,'2025-06-17',3,7,19,5,25,125),
(1656,'2025-06-17',82,49,29,5,50,250),
(1657,'2025-06-17',26,14,7,6,50,300),
(1658,'2025-06-17',69,19,11,5,50,250),
(1659,'2025-06-17',86,50,4,8,25,200),
(1660,'2025-06-17',21,18,9,3,150,450),
(1661,'2025-06-17',80,8,18,1,100,100),
(1662,'2025-06-17',27,33,18,2,100,200),
(1663,'2025-06-18',35,36,5,6,150,900),
(1664,'2025-06-18',74,46,8,5,150,750),
(1665,'2025-06-18',40,11,20,2,100,200),
(1666,'2025-06-18',7,22,5,8,500,4000),
(1667,'2025-06-18',87,2,2,8,500,4000),
(1668,'2025-06-18',7,7,3,7,25,175),
(1669,'2025-06-18',23,28,23,7,25,175),
(1670,'2025-06-18',79,39,12,8,50,400),
(1671,'2025-06-18',26,20,23,6,25,150),
(1672,'2025-06-18',97,49,25,2,50,100),
(1673,'2025-06-19',12,37,27,3,150,450),
(1674,'2025-06-19',13,45,15,8,50,400),
(1675,'2025-06-19',61,20,8,8,25,200),
(1676,'2025-06-19',79,15,9,3,200,600),
(1677,'2025-06-19',24,24,23,7,300,2100),
(1678,'2025-06-19',42,43,15,6,150,900),
(1679,'2025-06-19',9,32,16,1,100,100),
(1680,'2025-06-19',62,8,15,6,100,600),
(1681,'2025-06-19',99,11,12,5,100,500),
(1682,'2025-06-19',66,39,4,3,50,150),
(1683,'2025-06-19',42,26,18,2,300,600),
(1684,'2025-06-20',52,20,19,8,25,200),
(1685,'2025-06-20',80,27,8,4,100,400),
(1686,'2025-06-20',62,36,13,3,150,450),
(1687,'2025-06-20',27,5,27,6,100,600),
(1688,'2025-06-20',56,45,19,7,50,350),
(1689,'2025-06-20',23,22,22,4,500,2000),
(1690,'2025-06-20',95,43,30,2,150,300),
(1691,'2025-06-20',15,46,19,8,150,1200),
(1692,'2025-06-21',72,30,4,6,75,450),
(1693,'2025-06-21',40,29,13,3,25,75),
(1694,'2025-06-21',88,5,27,2,100,200),
(1695,'2025-06-21',42,39,16,7,50,350),
(1696,'2025-06-21',12,42,7,1,150,150),
(1697,'2025-06-21',97,9,5,1,100,100),
(1698,'2025-06-21',58,43,18,3,150,450),
(1699,'2025-06-21',79,19,19,7,50,350),
(1700,'2025-06-21',27,29,22,4,25,100),
(1701,'2025-06-21',73,21,26,5,100,500),
(1702,'2025-06-21',56,44,23,5,50,250),
(1703,'2025-06-21',75,23,1,2,300,600),
(1704,'2025-06-22',17,33,28,7,100,700),
(1705,'2025-06-22',48,19,29,1,50,50),
(1706,'2025-06-22',1,36,23,1,150,150),
(1707,'2025-06-22',15,36,28,6,150,900),
(1708,'2025-06-22',31,19,14,1,50,50),
(1709,'2025-06-22',81,45,11,7,50,350),
(1710,'2025-06-22',52,46,13,7,150,1050),
(1711,'2025-06-22',85,28,6,4,25,100),
(1712,'2025-06-22',25,31,18,3,75,225),
(1713,'2025-06-22',54,25,5,6,150,900),
(1714,'2025-06-22',18,19,1,3,50,150),
(1715,'2025-06-22',19,5,24,1,100,100),
(1716,'2025-06-23',18,43,3,7,150,1050),
(1717,'2025-06-23',59,9,29,7,100,700),
(1718,'2025-06-23',80,45,6,7,50,350),
(1719,'2025-06-23',71,30,27,7,75,525),
(1720,'2025-06-23',46,29,8,7,25,175),
(1721,'2025-06-23',78,12,1,7,300,2100),
(1722,'2025-06-23',94,37,8,8,150,1200),
(1723,'2025-06-23',53,46,30,5,150,750),
(1724,'2025-06-23',5,35,2,6,100,600),
(1725,'2025-06-23',91,37,12,8,150,1200),
(1726,'2025-06-23',89,8,3,8,100,800),
(1727,'2025-06-24',60,47,17,5,200,1000),
(1728,'2025-06-24',32,6,16,2,25,50),
(1729,'2025-06-24',88,41,21,2,50,100),
(1730,'2025-06-24',79,35,2,5,100,500),
(1731,'2025-06-24',61,22,15,1,500,500),
(1732,'2025-06-24',74,33,24,8,100,800),
(1733,'2025-06-24',46,22,26,7,500,3500),
(1734,'2025-06-24',22,19,2,5,50,250),
(1735,'2025-06-24',94,45,26,5,50,250),
(1736,'2025-06-25',81,17,16,1,75,75),
(1737,'2025-06-25',74,38,2,3,50,150),
(1738,'2025-06-25',95,43,20,5,150,750),
(1739,'2025-06-25',63,2,3,5,500,2500),
(1740,'2025-06-25',36,9,9,2,100,200),
(1741,'2025-06-25',36,9,28,5,100,500),
(1742,'2025-06-25',95,17,4,1,75,75),
(1743,'2025-06-25',76,39,24,3,50,150),
(1744,'2025-06-25',48,10,26,8,100,800),
(1745,'2025-06-25',90,12,8,5,300,1500),
(1746,'2025-06-25',68,32,28,3,100,300),
(1747,'2025-06-25',11,3,5,6,100,600),
(1748,'2025-06-26',97,10,14,8,100,800),
(1749,'2025-06-26',31,50,22,7,25,175),
(1750,'2025-06-26',27,29,19,3,25,75),
(1751,'2025-06-26',7,47,21,6,200,1200),
(1752,'2025-06-26',7,17,6,2,75,150),
(1753,'2025-06-26',61,30,10,7,75,525),
(1754,'2025-06-26',49,31,22,4,75,300),
(1755,'2025-06-26',61,46,9,7,150,1050),
(1756,'2025-06-26',2,10,10,7,100,700),
(1757,'2025-06-26',87,29,11,7,25,175),
(1758,'2025-06-26',13,34,30,1,300,300),
(1759,'2025-06-26',56,35,20,6,100,600),
(1760,'2025-06-27',35,22,26,5,500,2500),
(1761,'2025-06-27',84,7,19,5,25,125),
(1762,'2025-06-27',99,26,22,8,300,2400),
(1763,'2025-06-27',94,48,22,4,500,2000),
(1764,'2025-06-27',67,38,11,4,50,200),
(1765,'2025-06-27',41,44,18,3,50,150),
(1766,'2025-06-27',9,1,1,1,150,150),
(1767,'2025-06-27',68,27,4,2,100,200),
(1768,'2025-06-27',45,44,8,8,50,400),
(1769,'2025-06-27',33,47,7,5,200,1000),
(1770,'2025-06-28',8,2,20,2,500,1000),
(1771,'2025-06-28',77,43,21,4,150,600),
(1772,'2025-06-28',12,8,28,2,100,200),
(1773,'2025-06-28',49,39,22,3,50,150),
(1774,'2025-06-28',15,49,23,3,50,150),
(1775,'2025-06-28',38,12,15,5,300,1500),
(1776,'2025-06-28',82,43,15,2,150,300),
(1777,'2025-06-28',89,18,29,7,150,1050),
(1778,'2025-06-29',100,17,3,3,75,225),
(1779,'2025-06-29',49,18,13,1,150,150),
(1780,'2025-06-29',34,22,27,1,500,500),
(1781,'2025-06-29',57,17,3,3,75,225),
(1782,'2025-06-29',79,32,13,4,100,400),
(1783,'2025-06-29',14,12,5,8,300,2400),
(1784,'2025-06-29',28,35,20,7,100,700),
(1785,'2025-06-29',57,42,23,2,150,300),
(1786,'2025-06-29',5,17,3,2,75,150),
(1787,'2025-06-29',100,5,15,5,100,500),
(1788,'2025-06-30',84,32,21,3,100,300),
(1789,'2025-06-30',86,1,13,1,150,150),
(1790,'2025-06-30',90,18,11,3,150,450),
(1791,'2025-06-30',66,26,23,1,300,300),
(1792,'2025-06-30',62,50,14,8,25,200),
(1793,'2025-06-30',70,26,8,2,300,600),
(1794,'2025-06-30',89,1,27,7,150,1050),
(1795,'2025-06-30',16,50,19,8,25,200),
(1796,'2025-07-01',88,23,10,6,300,1800),
(1797,'2025-07-01',81,26,21,1,300,300),
(1798,'2025-07-01',69,6,28,6,25,150),
(1799,'2025-07-01',59,22,25,2,500,1000),
(1800,'2025-07-01',83,50,7,5,25,125),
(1801,'2025-07-01',50,12,22,1,300,300),
(1802,'2025-07-01',90,13,13,5,300,1500),
(1803,'2025-07-01',63,7,3,6,25,150),
(1804,'2025-07-01',95,41,7,8,50,400),
(1805,'2025-07-01',25,9,1,1,100,100),
(1806,'2025-07-01',63,47,13,4,200,800),
(1807,'2025-07-01',64,5,18,5,100,500),
(1808,'2025-07-02',44,2,2,1,500,500),
(1809,'2025-07-02',52,22,4,1,500,500),
(1810,'2025-07-02',87,14,28,8,50,400),
(1811,'2025-07-02',95,35,19,3,100,300),
(1812,'2025-07-02',5,15,24,2,200,400),
(1813,'2025-07-02',84,10,1,8,100,800),
(1814,'2025-07-02',32,31,23,1,75,75),
(1815,'2025-07-02',2,42,6,3,150,450),
(1816,'2025-07-02',40,41,27,1,50,50),
(1817,'2025-07-02',79,7,6,8,25,200),
(1818,'2025-07-02',14,38,4,2,50,100),
(1819,'2025-07-03',9,39,26,4,50,200),
(1820,'2025-07-03',44,13,26,7,300,2100),
(1821,'2025-07-03',42,48,4,7,500,3500),
(1822,'2025-07-03',42,44,27,3,50,150),
(1823,'2025-07-03',76,14,6,1,50,50),
(1824,'2025-07-03',16,22,9,2,500,1000),
(1825,'2025-07-03',22,10,23,7,100,700),
(1826,'2025-07-03',57,24,8,3,300,900),
(1827,'2025-07-03',18,38,4,1,50,50),
(1828,'2025-07-03',100,41,6,7,50,350),
(1829,'2025-07-03',11,2,1,8,500,4000),
(1830,'2025-07-04',91,12,21,2,300,600),
(1831,'2025-07-04',54,38,23,5,50,250),
(1832,'2025-07-04',89,50,5,8,25,200),
(1833,'2025-07-04',82,14,9,3,50,150),
(1834,'2025-07-04',53,34,8,8,300,2400),
(1835,'2025-07-04',77,12,6,1,300,300),
(1836,'2025-07-04',79,46,3,8,150,1200),
(1837,'2025-07-04',45,41,14,5,50,250),
(1838,'2025-07-05',25,36,4,4,150,600),
(1839,'2025-07-05',80,34,12,2,300,600),
(1840,'2025-07-05',60,49,25,4,50,200),
(1841,'2025-07-05',36,41,2,4,50,200),
(1842,'2025-07-05',20,13,22,2,300,600),
(1843,'2025-07-05',23,31,6,8,75,600),
(1844,'2025-07-05',7,43,21,1,150,150),
(1845,'2025-07-05',27,24,14,5,300,1500),
(1846,'2025-07-06',6,22,4,8,500,4000),
(1847,'2025-07-06',69,48,6,1,500,500),
(1848,'2025-07-06',63,11,17,1,100,100),
(1849,'2025-07-06',31,8,24,2,100,200),
(1850,'2025-07-06',54,29,7,6,25,150),
(1851,'2025-07-06',30,48,25,6,500,3000),
(1852,'2025-07-06',30,8,4,6,100,600),
(1853,'2025-07-06',26,16,13,7,100,700),
(1854,'2025-07-06',61,15,19,2,200,400),
(1855,'2025-07-06',56,32,5,1,100,100),
(1856,'2025-07-07',23,40,13,8,150,1200),
(1857,'2025-07-07',59,24,24,3,300,900),
(1858,'2025-07-07',35,13,7,6,300,1800),
(1859,'2025-07-07',5,22,23,3,500,1500),
(1860,'2025-07-07',36,37,5,1,150,150),
(1861,'2025-07-07',59,8,14,8,100,800),
(1862,'2025-07-07',29,11,29,6,100,600),
(1863,'2025-07-07',82,19,20,3,50,150),
(1864,'2025-07-07',12,11,14,4,100,400),
(1865,'2025-07-08',76,32,16,4,100,400),
(1866,'2025-07-08',2,30,24,5,75,375),
(1867,'2025-07-08',32,28,11,4,25,100),
(1868,'2025-07-08',76,28,5,4,25,100),
(1869,'2025-07-08',54,37,2,1,150,150),
(1870,'2025-07-08',94,3,25,8,100,800),
(1871,'2025-07-08',55,33,17,1,100,100),
(1872,'2025-07-08',90,26,27,8,300,2400),
(1873,'2025-07-08',64,7,8,8,25,200),
(1874,'2025-07-08',89,6,24,1,25,25),
(1875,'2025-07-08',17,27,12,4,100,400),
(1876,'2025-07-08',83,19,3,4,50,200),
(1877,'2025-07-09',21,31,23,5,75,375),
(1878,'2025-07-09',59,30,15,1,75,75),
(1879,'2025-07-09',91,50,13,3,25,75),
(1880,'2025-07-09',81,12,15,6,300,1800),
(1881,'2025-07-09',81,46,3,1,150,150),
(1882,'2025-07-09',68,25,2,6,150,900),
(1883,'2025-07-09',97,19,9,7,50,350),
(1884,'2025-07-09',88,45,3,4,50,200),
(1885,'2025-07-10',66,22,30,1,500,500),
(1886,'2025-07-10',7,44,4,6,50,300),
(1887,'2025-07-10',60,25,20,6,150,900),
(1888,'2025-07-10',47,3,6,6,100,600),
(1889,'2025-07-10',72,42,23,2,150,300),
(1890,'2025-07-10',18,50,11,4,25,100),
(1891,'2025-07-10',84,16,16,2,100,200),
(1892,'2025-07-10',97,48,24,4,500,2000),
(1893,'2025-07-10',42,49,12,4,50,200),
(1894,'2025-07-10',36,18,2,7,150,1050),
(1895,'2025-07-10',45,5,15,6,100,600),
(1896,'2025-07-10',61,32,23,2,100,200),
(1897,'2025-07-11',58,44,20,5,50,250),
(1898,'2025-07-11',25,24,29,2,300,600),
(1899,'2025-07-11',11,30,13,2,75,150),
(1900,'2025-07-11',10,12,4,5,300,1500),
(1901,'2025-07-11',15,11,23,5,100,500),
(1902,'2025-07-11',20,10,28,8,100,800),
(1903,'2025-07-11',38,14,14,1,50,50),
(1904,'2025-07-11',61,44,12,3,50,150),
(1905,'2025-07-11',95,27,21,8,100,800),
(1906,'2025-07-11',25,2,3,5,500,2500),
(1907,'2025-07-11',67,2,21,4,500,2000),
(1908,'2025-07-11',75,22,11,7,500,3500),
(1909,'2025-07-12',59,32,10,8,100,800),
(1910,'2025-07-12',40,37,6,3,150,450),
(1911,'2025-07-12',62,17,12,4,75,300),
(1912,'2025-07-12',19,19,12,1,50,50),
(1913,'2025-07-12',22,19,20,8,50,400),
(1914,'2025-07-12',24,11,6,5,100,500),
(1915,'2025-07-12',21,46,8,3,150,450),
(1916,'2025-07-12',41,8,19,1,100,100),
(1917,'2025-07-12',34,9,12,8,100,800),
(1918,'2025-07-12',72,12,23,4,300,1200),
(1919,'2025-07-13',45,43,5,6,150,900),
(1920,'2025-07-13',70,24,6,8,300,2400),
(1921,'2025-07-13',16,35,30,5,100,500),
(1922,'2025-07-13',64,2,25,7,500,3500),
(1923,'2025-07-13',41,10,5,8,100,800),
(1924,'2025-07-13',83,1,23,6,150,900),
(1925,'2025-07-13',38,19,25,8,50,400),
(1926,'2025-07-13',73,37,24,3,150,450),
(1927,'2025-07-14',94,22,16,2,500,1000),
(1928,'2025-07-14',87,3,18,3,100,300),
(1929,'2025-07-14',4,8,13,5,100,500),
(1930,'2025-07-14',58,40,12,4,150,600),
(1931,'2025-07-14',8,6,20,6,25,150),
(1932,'2025-07-14',75,42,17,4,150,600),
(1933,'2025-07-14',26,15,1,5,200,1000),
(1934,'2025-07-14',87,6,22,8,25,200),
(1935,'2025-07-14',25,6,16,7,25,175),
(1936,'2025-07-14',86,21,12,1,100,100),
(1937,'2025-07-14',92,26,28,3,300,900),
(1938,'2025-07-15',48,24,1,7,300,2100),
(1939,'2025-07-15',45,19,10,6,50,300),
(1940,'2025-07-15',28,29,24,2,25,50),
(1941,'2025-07-15',57,29,10,7,25,175),
(1942,'2025-07-15',94,11,29,7,100,700),
(1943,'2025-07-15',76,27,20,3,100,300),
(1944,'2025-07-15',27,6,10,3,25,75),
(1945,'2025-07-15',9,31,30,6,75,450),
(1946,'2025-07-15',12,38,1,7,50,350),
(1947,'2025-07-15',54,27,6,5,100,500),
(1948,'2025-07-15',91,36,19,8,150,1200),
(1949,'2025-07-16',49,13,10,3,300,900),
(1950,'2025-07-16',6,36,27,8,150,1200),
(1951,'2025-07-16',64,20,18,5,25,125),
(1952,'2025-07-16',29,48,1,8,500,4000),
(1953,'2025-07-16',34,1,10,3,150,450),
(1954,'2025-07-16',16,41,21,8,50,400),
(1955,'2025-07-16',54,43,6,5,150,750),
(1956,'2025-07-16',4,32,4,4,100,400),
(1957,'2025-07-16',64,49,3,5,50,250),
(1958,'2025-07-17',75,48,16,6,500,3000),
(1959,'2025-07-17',34,37,21,7,150,1050),
(1960,'2025-07-17',89,44,27,8,50,400),
(1961,'2025-07-17',66,8,24,6,100,600),
(1962,'2025-07-17',34,37,6,1,150,150),
(1963,'2025-07-17',19,38,11,1,50,50),
(1964,'2025-07-17',46,30,6,3,75,225),
(1965,'2025-07-17',47,4,14,5,200,1000),
(1966,'2025-07-17',7,41,10,6,50,300),
(1967,'2025-07-17',66,19,7,2,50,100),
(1968,'2025-07-17',98,50,4,3,25,75),
(1969,'2025-07-17',70,39,11,3,50,150),
(1970,'2025-07-18',35,44,22,5,50,250),
(1971,'2025-07-18',13,45,18,6,50,300),
(1972,'2025-07-18',19,38,1,6,50,300),
(1973,'2025-07-18',48,9,25,5,100,500),
(1974,'2025-07-18',44,32,30,7,100,700),
(1975,'2025-07-18',28,11,5,2,100,200),
(1976,'2025-07-18',25,33,26,4,100,400),
(1977,'2025-07-18',54,36,15,2,150,300),
(1978,'2025-07-18',17,5,30,2,100,200),
(1979,'2025-07-18',45,2,10,8,500,4000),
(1980,'2025-07-19',77,9,17,8,100,800),
(1981,'2025-07-19',23,49,23,6,50,300),
(1982,'2025-07-19',96,20,27,1,25,25),
(1983,'2025-07-19',17,8,28,4,100,400),
(1984,'2025-07-19',89,45,8,3,50,150),
(1985,'2025-07-19',27,20,5,3,25,75),
(1986,'2025-07-19',89,6,25,7,25,175),
(1987,'2025-07-19',3,8,25,2,100,200),
(1988,'2025-07-19',6,31,7,7,75,525),
(1989,'2025-07-19',85,7,17,1,25,25),
(1990,'2025-07-20',16,4,30,8,200,1600),
(1991,'2025-07-20',9,17,10,1,75,75),
(1992,'2025-07-20',97,43,4,1,150,150),
(1993,'2025-07-20',76,8,29,4,100,400),
(1994,'2025-07-20',86,13,12,3,300,900),
(1995,'2025-07-20',19,2,28,2,500,1000),
(1996,'2025-07-20',75,48,12,5,500,2500),
(1997,'2025-07-20',65,23,25,3,300,900),
(1998,'2025-07-20',65,47,19,4,200,800),
(1999,'2025-07-20',75,5,25,2,100,200),
(2000,'2025-07-20',92,1,7,4,150,600),
(2001,'2025-07-20',97,19,18,3,50,150),
(2002,'2025-07-21',28,47,30,2,200,400),
(2003,'2025-07-21',47,33,23,8,100,800),
(2004,'2025-07-21',57,38,22,3,50,150),
(2005,'2025-07-21',46,7,13,3,25,75),
(2006,'2025-07-21',66,28,8,4,25,100),
(2007,'2025-07-21',98,27,11,2,100,200),
(2008,'2025-07-21',15,8,17,8,100,800),
(2009,'2025-07-21',98,9,12,8,100,800),
(2010,'2025-07-22',11,36,11,1,150,150),
(2011,'2025-07-22',50,32,10,2,100,200),
(2012,'2025-07-22',88,30,27,5,75,375),
(2013,'2025-07-22',71,29,14,4,25,100),
(2014,'2025-07-22',25,19,28,7,50,350),
(2015,'2025-07-22',87,5,12,8,100,800),
(2016,'2025-07-22',87,12,16,1,300,300),
(2017,'2025-07-22',51,44,15,2,50,100),
(2018,'2025-07-22',16,34,5,2,300,600),
(2019,'2025-07-22',89,26,19,7,300,2100),
(2020,'2025-07-23',9,48,12,3,500,1500),
(2021,'2025-07-23',26,13,20,6,300,1800),
(2022,'2025-07-23',30,26,27,2,300,600),
(2023,'2025-07-23',36,28,25,8,25,200),
(2024,'2025-07-23',97,46,26,5,150,750),
(2025,'2025-07-23',46,42,16,7,150,1050),
(2026,'2025-07-23',63,43,17,7,150,1050),
(2027,'2025-07-23',99,18,15,3,150,450),
(2028,'2025-07-24',63,8,16,5,100,500),
(2029,'2025-07-24',4,15,4,3,200,600),
(2030,'2025-07-24',9,48,16,1,500,500),
(2031,'2025-07-24',23,44,13,1,50,50),
(2032,'2025-07-24',20,39,10,6,50,300),
(2033,'2025-07-24',98,40,3,2,150,300),
(2034,'2025-07-24',60,43,7,8,150,1200),
(2035,'2025-07-24',63,19,17,8,50,400),
(2036,'2025-07-25',70,35,18,6,100,600),
(2037,'2025-07-25',56,2,29,1,500,500),
(2038,'2025-07-25',58,8,11,7,100,700),
(2039,'2025-07-25',59,25,2,8,150,1200),
(2040,'2025-07-25',72,3,22,3,100,300),
(2041,'2025-07-25',91,50,6,5,25,125),
(2042,'2025-07-25',18,32,10,7,100,700),
(2043,'2025-07-25',63,46,25,7,150,1050),
(2044,'2025-07-25',85,8,18,8,100,800),
(2045,'2025-07-25',61,44,18,8,50,400),
(2046,'2025-07-26',51,33,9,1,100,100),
(2047,'2025-07-26',79,32,22,7,100,700),
(2048,'2025-07-26',42,23,2,5,300,1500),
(2049,'2025-07-26',17,2,27,1,500,500),
(2050,'2025-07-26',95,24,19,6,300,1800),
(2051,'2025-07-26',49,2,4,6,500,3000),
(2052,'2025-07-26',46,28,14,6,25,150),
(2053,'2025-07-26',85,23,8,1,300,300),
(2054,'2025-07-26',83,16,10,4,100,400),
(2055,'2025-07-27',40,6,4,2,25,50),
(2056,'2025-07-27',3,22,18,3,500,1500),
(2057,'2025-07-27',59,21,22,1,100,100),
(2058,'2025-07-27',35,28,1,7,25,175),
(2059,'2025-07-27',76,45,1,8,50,400),
(2060,'2025-07-27',74,21,13,7,100,700),
(2061,'2025-07-27',63,21,4,2,100,200),
(2062,'2025-07-27',44,45,16,4,50,200),
(2063,'2025-07-27',22,33,20,6,100,600),
(2064,'2025-07-27',56,20,7,6,25,150),
(2065,'2025-07-27',69,32,7,2,100,200),
(2066,'2025-07-27',7,19,10,5,50,250),
(2067,'2025-07-28',80,26,24,4,300,1200),
(2068,'2025-07-28',76,6,11,2,25,50),
(2069,'2025-07-28',73,18,26,2,150,300),
(2070,'2025-07-28',55,34,7,8,300,2400),
(2071,'2025-07-28',84,23,27,2,300,600),
(2072,'2025-07-28',56,20,22,5,25,125),
(2073,'2025-07-28',26,35,14,6,100,600),
(2074,'2025-07-28',80,26,17,5,300,1500),
(2075,'2025-07-28',3,30,21,3,75,225),
(2076,'2025-07-28',74,46,16,3,150,450),
(2077,'2025-07-28',35,14,30,8,50,400),
(2078,'2025-07-28',73,41,24,7,50,350),
(2079,'2025-07-29',47,34,15,4,300,1200),
(2080,'2025-07-29',20,10,24,4,100,400),
(2081,'2025-07-29',56,44,14,5,50,250),
(2082,'2025-07-29',82,21,7,2,100,200),
(2083,'2025-07-29',37,27,21,5,100,500),
(2084,'2025-07-29',88,11,20,5,100,500),
(2085,'2025-07-29',31,16,4,7,100,700),
(2086,'2025-07-29',4,10,8,4,100,400),
(2087,'2025-07-30',72,30,14,8,75,600),
(2088,'2025-07-30',26,28,6,1,25,25),
(2089,'2025-07-30',4,18,9,3,150,450),
(2090,'2025-07-30',83,18,28,3,150,450),
(2091,'2025-07-30',3,3,2,8,100,800),
(2092,'2025-07-30',78,6,10,6,25,150),
(2093,'2025-07-30',47,5,22,7,100,700),
(2094,'2025-07-30',51,43,27,2,150,300),
(2095,'2025-07-30',31,47,4,3,200,600),
(2096,'2025-07-30',67,37,22,2,150,300),
(2097,'2025-07-31',64,50,29,5,25,125),
(2098,'2025-07-31',77,6,4,4,25,100),
(2099,'2025-07-31',43,50,27,6,25,150),
(2100,'2025-07-31',96,38,24,7,50,350),
(2101,'2025-07-31',28,16,5,7,100,700),
(2102,'2025-07-31',28,7,9,3,25,75),
(2103,'2025-07-31',33,29,28,7,25,175),
(2104,'2025-07-31',63,38,18,1,50,50),
(2105,'2025-07-31',41,24,18,2,300,600),
(2106,'2025-07-31',88,28,8,8,25,200),
(2107,'2025-07-31',47,18,16,3,150,450),
(2108,'2025-07-31',40,46,1,6,150,900),
(2109,'2025-08-01',89,3,30,1,100,100),
(2110,'2025-08-01',33,43,18,4,150,600),
(2111,'2025-08-01',82,25,23,5,150,750),
(2112,'2025-08-01',69,24,28,2,300,600),
(2113,'2025-08-01',50,16,1,8,100,800),
(2114,'2025-08-01',39,26,3,5,300,1500),
(2115,'2025-08-01',39,49,7,4,50,200),
(2116,'2025-08-01',81,11,11,8,100,800),
(2117,'2025-08-01',5,50,9,7,25,175),
(2118,'2025-08-01',61,6,24,8,25,200),
(2119,'2025-08-01',92,27,14,6,100,600),
(2120,'2025-08-01',90,7,9,3,25,75),
(2121,'2025-08-02',54,5,20,6,100,600),
(2122,'2025-08-02',59,47,23,6,200,1200),
(2123,'2025-08-02',83,2,21,1,500,500),
(2124,'2025-08-02',83,12,5,8,300,2400),
(2125,'2025-08-02',26,1,21,7,150,1050),
(2126,'2025-08-02',74,20,3,6,25,150),
(2127,'2025-08-02',32,8,17,3,100,300),
(2128,'2025-08-02',77,46,22,3,150,450),
(2129,'2025-08-02',58,27,16,6,100,600),
(2130,'2025-08-02',34,48,6,3,500,1500),
(2131,'2025-08-02',37,44,7,6,50,300),
(2132,'2025-08-02',48,6,6,7,25,175),
(2133,'2025-08-03',3,25,1,4,150,600),
(2134,'2025-08-03',12,36,15,4,150,600),
(2135,'2025-08-03',90,13,28,5,300,1500),
(2136,'2025-08-03',52,11,20,1,100,100),
(2137,'2025-08-03',20,28,3,5,25,125),
(2138,'2025-08-03',73,24,4,3,300,900),
(2139,'2025-08-03',99,1,30,7,150,1050),
(2140,'2025-08-03',16,30,8,8,75,600),
(2141,'2025-08-03',25,46,28,4,150,600),
(2142,'2025-08-03',96,18,16,5,150,750),
(2143,'2025-08-03',56,25,28,3,150,450),
(2144,'2025-08-04',37,39,24,4,50,200),
(2145,'2025-08-04',54,44,6,4,50,200),
(2146,'2025-08-04',4,27,10,3,100,300),
(2147,'2025-08-04',80,17,15,4,75,300),
(2148,'2025-08-04',75,16,22,6,100,600),
(2149,'2025-08-04',11,42,1,8,150,1200),
(2150,'2025-08-04',42,31,23,3,75,225),
(2151,'2025-08-04',92,26,13,4,300,1200),
(2152,'2025-08-04',95,46,20,7,150,1050),
(2153,'2025-08-05',72,5,2,2,100,200),
(2154,'2025-08-05',31,4,16,6,200,1200),
(2155,'2025-08-05',1,23,9,1,300,300),
(2156,'2025-08-05',39,33,13,7,100,700),
(2157,'2025-08-05',17,43,29,6,150,900),
(2158,'2025-08-05',75,36,6,1,150,150),
(2159,'2025-08-05',65,17,16,3,75,225),
(2160,'2025-08-05',17,22,3,8,500,4000),
(2161,'2025-08-05',19,21,9,7,100,700),
(2162,'2025-08-05',6,8,5,6,100,600),
(2163,'2025-08-06',56,18,10,6,150,900),
(2164,'2025-08-06',67,17,11,5,75,375),
(2165,'2025-08-06',41,28,24,3,25,75),
(2166,'2025-08-06',72,32,28,3,100,300),
(2167,'2025-08-06',7,43,7,8,150,1200),
(2168,'2025-08-06',30,10,6,1,100,100),
(2169,'2025-08-06',34,3,6,8,100,800),
(2170,'2025-08-06',56,46,4,8,150,1200),
(2171,'2025-08-06',57,32,12,1,100,100),
(2172,'2025-08-06',59,46,16,8,150,1200),
(2173,'2025-08-06',16,8,12,3,100,300),
(2174,'2025-08-07',24,14,27,5,50,250),
(2175,'2025-08-07',73,11,29,5,100,500),
(2176,'2025-08-07',75,43,1,4,150,600),
(2177,'2025-08-07',54,34,30,3,300,900),
(2178,'2025-08-07',99,5,16,4,100,400),
(2179,'2025-08-07',43,44,1,2,50,100),
(2180,'2025-08-07',51,19,12,2,50,100),
(2181,'2025-08-07',42,38,5,2,50,100),
(2182,'2025-08-08',91,6,22,8,25,200),
(2183,'2025-08-08',81,31,9,8,75,600),
(2184,'2025-08-08',43,39,2,1,50,50),
(2185,'2025-08-08',42,42,24,8,150,1200),
(2186,'2025-08-08',28,47,28,3,200,600),
(2187,'2025-08-08',42,4,26,5,200,1000),
(2188,'2025-08-08',71,4,20,2,200,400),
(2189,'2025-08-08',52,25,9,2,150,300),
(2190,'2025-08-09',12,16,1,7,100,700),
(2191,'2025-08-09',50,14,25,3,50,150),
(2192,'2025-08-09',83,26,25,5,300,1500),
(2193,'2025-08-09',16,42,10,3,150,450),
(2194,'2025-08-09',95,32,26,7,100,700),
(2195,'2025-08-09',46,20,22,3,25,75),
(2196,'2025-08-09',66,7,7,6,25,150),
(2197,'2025-08-09',50,32,16,8,100,800),
(2198,'2025-08-09',12,18,25,7,150,1050),
(2199,'2025-08-10',56,24,21,3,300,900),
(2200,'2025-08-10',6,28,17,2,25,50),
(2201,'2025-08-10',87,22,8,8,500,4000),
(2202,'2025-08-10',64,42,17,3,150,450),
(2203,'2025-08-10',38,41,15,2,50,100),
(2204,'2025-08-10',62,28,10,2,25,50),
(2205,'2025-08-10',88,10,29,3,100,300),
(2206,'2025-08-10',67,20,14,4,25,100),
(2207,'2025-08-10',71,19,3,1,50,50),
(2208,'2025-08-10',66,3,14,2,100,200),
(2209,'2025-08-10',60,27,22,2,100,200),
(2210,'2025-08-11',33,17,19,6,75,450),
(2211,'2025-08-11',15,6,24,1,25,25),
(2212,'2025-08-11',23,43,26,8,150,1200),
(2213,'2025-08-11',6,12,3,7,300,2100),
(2214,'2025-08-11',41,27,19,5,100,500),
(2215,'2025-08-11',97,47,22,8,200,1600),
(2216,'2025-08-11',44,29,30,5,25,125),
(2217,'2025-08-11',24,12,3,4,300,1200),
(2218,'2025-08-11',87,48,4,5,500,2500),
(2219,'2025-08-11',1,28,13,1,25,25),
(2220,'2025-08-11',22,8,21,1,100,100),
(2221,'2025-08-11',89,31,13,8,75,600),
(2222,'2025-08-12',39,47,20,8,200,1600),
(2223,'2025-08-12',89,40,22,6,150,900),
(2224,'2025-08-12',39,45,3,7,50,350),
(2225,'2025-08-12',2,9,7,3,100,300),
(2226,'2025-08-12',90,8,7,1,100,100),
(2227,'2025-08-12',62,2,21,4,500,2000),
(2228,'2025-08-12',56,10,27,4,100,400),
(2229,'2025-08-12',12,41,10,4,50,200),
(2230,'2025-08-12',19,50,16,8,25,200),
(2231,'2025-08-12',15,28,6,1,25,25),
(2232,'2025-08-12',63,10,16,8,100,800),
(2233,'2025-08-12',75,2,8,8,500,4000),
(2234,'2025-08-13',7,19,11,7,50,350),
(2235,'2025-08-13',81,1,28,2,150,300),
(2236,'2025-08-13',54,46,28,7,150,1050),
(2237,'2025-08-13',5,32,16,5,100,500),
(2238,'2025-08-13',66,26,19,8,300,2400),
(2239,'2025-08-13',30,47,23,8,200,1600),
(2240,'2025-08-13',55,4,19,1,200,200),
(2241,'2025-08-13',35,21,29,2,100,200),
(2242,'2025-08-13',61,42,4,7,150,1050),
(2243,'2025-08-14',58,40,23,6,150,900),
(2244,'2025-08-14',21,28,10,1,25,25),
(2245,'2025-08-14',61,47,12,4,200,800),
(2246,'2025-08-14',65,29,8,4,25,100),
(2247,'2025-08-14',78,38,28,6,50,300),
(2248,'2025-08-14',17,46,29,8,150,1200),
(2249,'2025-08-14',54,19,27,7,50,350),
(2250,'2025-08-14',61,44,26,6,50,300),
(2251,'2025-08-14',37,11,23,4,100,400),
(2252,'2025-08-14',86,48,16,2,500,1000),
(2253,'2025-08-14',26,9,6,3,100,300),
(2254,'2025-08-15',54,32,16,2,100,200),
(2255,'2025-08-15',27,20,18,4,25,100),
(2256,'2025-08-15',46,4,29,1,200,200),
(2257,'2025-08-15',87,17,6,6,75,450),
(2258,'2025-08-15',9,12,11,1,300,300),
(2259,'2025-08-15',80,28,8,2,25,50),
(2260,'2025-08-15',63,8,9,4,100,400),
(2261,'2025-08-15',99,22,2,6,500,3000),
(2262,'2025-08-15',20,50,28,5,25,125),
(2263,'2025-08-15',91,45,2,2,50,100),
(2264,'2025-08-15',97,29,4,8,25,200),
(2265,'2025-08-15',72,7,2,2,25,50),
(2266,'2025-08-16',81,7,4,3,25,75),
(2267,'2025-08-16',21,14,24,6,50,300),
(2268,'2025-08-16',98,19,17,8,50,400),
(2269,'2025-08-16',20,32,21,2,100,200),
(2270,'2025-08-16',18,24,4,6,300,1800),
(2271,'2025-08-16',54,13,25,8,300,2400),
(2272,'2025-08-16',32,50,27,1,25,25),
(2273,'2025-08-16',37,31,17,6,75,450),
(2274,'2025-08-16',35,11,12,2,100,200),
(2275,'2025-08-16',47,46,21,7,150,1050),
(2276,'2025-08-16',20,43,25,4,150,600),
(2277,'2025-08-16',30,49,5,7,50,350),
(2278,'2025-08-17',59,27,28,7,100,700),
(2279,'2025-08-17',4,34,15,6,300,1800),
(2280,'2025-08-17',92,10,26,1,100,100),
(2281,'2025-08-17',11,34,11,2,300,600),
(2282,'2025-08-17',99,21,6,7,100,700),
(2283,'2025-08-17',51,28,25,1,25,25),
(2284,'2025-08-17',74,3,2,3,100,300),
(2285,'2025-08-17',54,41,13,5,50,250),
(2286,'2025-08-17',93,44,24,5,50,250),
(2287,'2025-08-17',2,21,27,6,100,600),
(2288,'2025-08-17',90,18,13,3,150,450),
(2289,'2025-08-18',70,42,20,4,150,600),
(2290,'2025-08-18',90,40,12,8,150,1200),
(2291,'2025-08-18',100,42,7,7,150,1050),
(2292,'2025-08-18',5,20,18,2,25,50),
(2293,'2025-08-18',93,22,24,7,500,3500),
(2294,'2025-08-18',67,48,18,3,500,1500),
(2295,'2025-08-18',12,19,17,4,50,200),
(2296,'2025-08-18',67,36,11,5,150,750),
(2297,'2025-08-18',3,49,1,3,50,150),
(2298,'2025-08-18',31,35,27,5,100,500),
(2299,'2025-08-18',93,50,14,5,25,125),
(2300,'2025-08-19',48,8,9,1,100,100),
(2301,'2025-08-19',16,41,2,6,50,300),
(2302,'2025-08-19',58,49,10,2,50,100),
(2303,'2025-08-19',59,37,11,1,150,150),
(2304,'2025-08-19',45,16,10,4,100,400),
(2305,'2025-08-19',92,19,13,3,50,150),
(2306,'2025-08-19',14,34,11,4,300,1200),
(2307,'2025-08-19',100,34,12,4,300,1200),
(2308,'2025-08-19',19,30,23,2,75,150),
(2309,'2025-08-19',11,28,3,7,25,175),
(2310,'2025-08-19',17,4,16,7,200,1400),
(2311,'2025-08-19',10,14,12,8,50,400),
(2312,'2025-08-20',34,26,19,7,300,2100),
(2313,'2025-08-20',57,32,23,7,100,700),
(2314,'2025-08-20',21,32,5,7,100,700),
(2315,'2025-08-20',63,33,23,3,100,300),
(2316,'2025-08-20',91,30,17,3,75,225),
(2317,'2025-08-20',89,34,7,2,300,600),
(2318,'2025-08-20',5,30,24,8,75,600),
(2319,'2025-08-20',16,11,20,6,100,600),
(2320,'2025-08-20',16,27,12,2,100,200),
(2321,'2025-08-20',6,37,17,5,150,750),
(2322,'2025-08-20',48,10,10,2,100,200),
(2323,'2025-08-20',38,24,16,5,300,1500),
(2324,'2025-08-21',76,10,14,3,100,300),
(2325,'2025-08-21',37,4,7,5,200,1000),
(2326,'2025-08-21',1,12,4,8,300,2400),
(2327,'2025-08-21',9,36,28,6,150,900),
(2328,'2025-08-21',62,3,19,7,100,700),
(2329,'2025-08-21',44,20,26,8,25,200),
(2330,'2025-08-21',93,25,27,8,150,1200),
(2331,'2025-08-21',98,39,5,3,50,150),
(2332,'2025-08-22',98,41,15,8,50,400),
(2333,'2025-08-22',20,43,28,8,150,1200),
(2334,'2025-08-22',12,47,26,6,200,1200),
(2335,'2025-08-22',50,40,8,7,150,1050),
(2336,'2025-08-22',70,26,2,6,300,1800),
(2337,'2025-08-22',95,43,9,8,150,1200),
(2338,'2025-08-22',22,42,23,2,150,300),
(2339,'2025-08-22',72,2,21,5,500,2500),
(2340,'2025-08-22',25,8,20,2,100,200),
(2341,'2025-08-22',73,35,17,1,100,100),
(2342,'2025-08-22',65,13,29,8,300,2400),
(2343,'2025-08-22',85,2,30,2,500,1000),
(2344,'2025-08-23',36,12,26,1,300,300),
(2345,'2025-08-23',91,14,27,4,50,200),
(2346,'2025-08-23',11,38,26,8,50,400),
(2347,'2025-08-23',52,35,19,6,100,600),
(2348,'2025-08-23',3,3,11,8,100,800),
(2349,'2025-08-23',54,28,1,3,25,75),
(2350,'2025-08-23',49,34,9,6,300,1800),
(2351,'2025-08-23',13,6,18,2,25,50),
(2352,'2025-08-23',19,11,6,5,100,500),
(2353,'2025-08-23',20,17,10,2,75,150),
(2354,'2025-08-23',8,27,20,3,100,300),
(2355,'2025-08-23',4,21,23,3,100,300),
(2356,'2025-08-24',13,20,11,7,25,175),
(2357,'2025-08-24',42,10,9,7,100,700),
(2358,'2025-08-24',7,25,7,2,150,300),
(2359,'2025-08-24',64,16,17,4,100,400),
(2360,'2025-08-24',15,49,9,7,50,350),
(2361,'2025-08-24',60,4,18,6,200,1200),
(2362,'2025-08-24',62,27,1,2,100,200),
(2363,'2025-08-24',3,27,9,4,100,400),
(2364,'2025-08-25',32,38,25,2,50,100),
(2365,'2025-08-25',39,36,19,3,150,450),
(2366,'2025-08-25',11,27,28,8,100,800),
(2367,'2025-08-25',19,41,12,4,50,200),
(2368,'2025-08-25',32,35,18,3,100,300),
(2369,'2025-08-25',6,28,1,8,25,200),
(2370,'2025-08-25',84,30,6,5,75,375),
(2371,'2025-08-25',62,1,9,1,150,150),
(2372,'2025-08-25',88,39,13,5,50,250),
(2373,'2025-08-25',75,23,27,4,300,1200),
(2374,'2025-08-25',6,33,6,5,100,500),
(2375,'2025-08-25',39,48,3,2,500,1000),
(2376,'2025-08-26',18,45,24,2,50,100),
(2377,'2025-08-26',56,36,7,5,150,750),
(2378,'2025-08-26',88,40,11,6,150,900),
(2379,'2025-08-26',97,41,23,5,50,250),
(2380,'2025-08-26',32,29,22,5,25,125),
(2381,'2025-08-26',27,21,15,6,100,600),
(2382,'2025-08-26',3,39,30,6,50,300),
(2383,'2025-08-26',83,45,30,3,50,150),
(2384,'2025-08-26',1,1,29,8,150,1200),
(2385,'2025-08-26',53,1,18,3,150,450),
(2386,'2025-08-26',98,45,13,8,50,400),
(2387,'2025-08-27',69,6,1,2,25,50),
(2388,'2025-08-27',87,43,4,8,150,1200),
(2389,'2025-08-27',77,23,12,7,300,2100),
(2390,'2025-08-27',99,25,26,3,150,450),
(2391,'2025-08-27',16,45,15,1,50,50),
(2392,'2025-08-27',57,24,1,4,300,1200),
(2393,'2025-08-27',98,15,9,1,200,200),
(2394,'2025-08-27',25,44,3,6,50,300),
(2395,'2025-08-27',92,40,8,5,150,750),
(2396,'2025-08-27',47,15,2,8,200,1600),
(2397,'2025-08-27',91,18,23,8,150,1200),
(2398,'2025-08-27',1,39,7,4,50,200),
(2399,'2025-08-28',73,8,17,5,100,500),
(2400,'2025-08-28',71,32,7,3,100,300),
(2401,'2025-08-28',9,43,19,3,150,450),
(2402,'2025-08-28',17,9,9,2,100,200),
(2403,'2025-08-28',67,37,24,4,150,600),
(2404,'2025-08-28',87,18,1,4,150,600),
(2405,'2025-08-28',88,45,18,5,50,250),
(2406,'2025-08-28',55,30,21,1,75,75),
(2407,'2025-08-28',42,44,14,1,50,50),
(2408,'2025-08-28',16,27,22,5,100,500),
(2409,'2025-08-28',64,34,12,8,300,2400),
(2410,'2025-08-29',93,49,8,1,50,50),
(2411,'2025-08-29',54,4,18,5,200,1000),
(2412,'2025-08-29',1,29,13,6,25,150),
(2413,'2025-08-29',11,13,29,6,300,1800),
(2414,'2025-08-29',95,37,8,1,150,150),
(2415,'2025-08-29',10,45,30,7,50,350),
(2416,'2025-08-29',22,16,11,4,100,400),
(2417,'2025-08-29',81,20,21,2,25,50),
(2418,'2025-08-29',62,7,14,1,25,25),
(2419,'2025-08-29',33,2,8,6,500,3000),
(2420,'2025-08-29',31,7,11,8,25,200),
(2421,'2025-08-29',67,4,26,6,200,1200),
(2422,'2025-08-30',98,5,4,8,100,800),
(2423,'2025-08-30',75,41,4,8,50,400),
(2424,'2025-08-30',5,6,13,1,25,25),
(2425,'2025-08-30',17,21,2,2,100,200),
(2426,'2025-08-30',39,29,20,1,25,25),
(2427,'2025-08-30',9,41,4,7,50,350),
(2428,'2025-08-30',72,44,2,1,50,50),
(2429,'2025-08-30',52,19,4,7,50,350),
(2430,'2025-08-30',30,40,28,7,150,1050),
(2431,'2025-08-31',59,43,13,1,150,150),
(2432,'2025-08-31',80,30,20,7,75,525),
(2433,'2025-08-31',84,7,22,6,25,150),
(2434,'2025-08-31',67,2,11,8,500,4000),
(2435,'2025-08-31',14,38,4,4,50,200),
(2436,'2025-08-31',76,1,26,2,150,300),
(2437,'2025-08-31',82,13,17,3,300,900),
(2438,'2025-08-31',54,17,16,6,75,450),
(2439,'2025-08-31',24,47,8,8,200,1600),
(2440,'2025-08-31',8,9,5,1,100,100),
(2441,'2025-08-31',66,20,21,7,25,175),
(2442,'2025-08-31',40,49,19,6,50,300),
(2443,'2025-09-01',19,50,16,3,25,75),
(2444,'2025-09-01',38,20,12,6,25,150),
(2445,'2025-09-01',8,1,8,3,150,450),
(2446,'2025-09-01',55,33,12,1,100,100),
(2447,'2025-09-01',82,13,30,4,300,1200),
(2448,'2025-09-01',44,13,7,2,300,600),
(2449,'2025-09-01',89,43,23,8,150,1200),
(2450,'2025-09-01',75,30,19,6,75,450),
(2451,'2025-09-01',54,22,11,5,500,2500),
(2452,'2025-09-01',59,11,29,2,100,200),
(2453,'2025-09-01',29,3,30,8,100,800),
(2454,'2025-09-01',89,1,8,4,150,600),
(2455,'2025-09-02',31,40,16,4,150,600),
(2456,'2025-09-02',95,48,13,6,500,3000),
(2457,'2025-09-02',24,14,27,7,50,350),
(2458,'2025-09-02',2,1,3,6,150,900),
(2459,'2025-09-02',72,23,4,1,300,300),
(2460,'2025-09-02',57,10,7,5,100,500),
(2461,'2025-09-02',6,41,1,6,50,300),
(2462,'2025-09-02',37,13,6,4,300,1200),
(2463,'2025-09-02',93,15,6,5,200,1000),
(2464,'2025-09-02',23,22,7,4,500,2000),
(2465,'2025-09-02',34,2,30,3,500,1500),
(2466,'2025-09-03',49,2,21,3,500,1500),
(2467,'2025-09-03',27,8,10,6,100,600),
(2468,'2025-09-03',48,30,26,4,75,300),
(2469,'2025-09-03',68,24,26,3,300,900),
(2470,'2025-09-03',92,40,3,7,150,1050),
(2471,'2025-09-03',17,8,26,3,100,300),
(2472,'2025-09-03',69,13,13,4,300,1200),
(2473,'2025-09-03',41,45,20,6,50,300),
(2474,'2025-09-04',6,41,25,4,50,200),
(2475,'2025-09-04',69,40,10,4,150,600),
(2476,'2025-09-04',32,10,2,6,100,600),
(2477,'2025-09-04',17,41,28,5,50,250),
(2478,'2025-09-04',27,33,24,8,100,800),
(2479,'2025-09-04',85,6,20,8,25,200),
(2480,'2025-09-04',66,5,13,3,100,300),
(2481,'2025-09-04',64,49,17,6,50,300),
(2482,'2025-09-04',42,30,23,3,75,225),
(2483,'2025-09-04',92,24,16,8,300,2400),
(2484,'2025-09-04',75,31,13,5,75,375),
(2485,'2025-09-05',27,42,8,1,150,150),
(2486,'2025-09-05',31,13,13,8,300,2400),
(2487,'2025-09-05',55,14,29,5,50,250),
(2488,'2025-09-05',48,25,9,3,150,450),
(2489,'2025-09-05',18,36,25,2,150,300),
(2490,'2025-09-05',57,6,17,5,25,125),
(2491,'2025-09-05',75,23,2,4,300,1200),
(2492,'2025-09-05',55,30,15,6,75,450),
(2493,'2025-09-05',53,30,12,7,75,525),
(2494,'2025-09-05',35,32,13,6,100,600),
(2495,'2025-09-05',57,2,8,3,500,1500),
(2496,'2025-09-05',46,17,29,2,75,150),
(2497,'2025-09-06',36,19,30,2,50,100),
(2498,'2025-09-06',16,15,3,2,200,400),
(2499,'2025-09-06',70,24,7,1,300,300),
(2500,'2025-09-06',87,22,11,4,500,2000),
(2501,'2025-09-06',96,17,27,5,75,375),
(2502,'2025-09-06',25,50,23,5,25,125),
(2503,'2025-09-06',97,39,23,3,50,150),
(2504,'2025-09-06',2,48,25,5,500,2500),
(2505,'2025-09-07',52,19,13,6,50,300),
(2506,'2025-09-07',61,38,21,1,50,50),
(2507,'2025-09-07',51,33,8,3,100,300),
(2508,'2025-09-07',61,15,8,4,200,800),
(2509,'2025-09-07',93,34,27,8,300,2400),
(2510,'2025-09-07',11,30,11,6,75,450),
(2511,'2025-09-07',99,13,23,7,300,2100),
(2512,'2025-09-07',57,27,15,4,100,400),
(2513,'2025-09-07',48,36,5,1,150,150),
(2514,'2025-09-07',40,37,24,3,150,450),
(2515,'2025-09-08',44,32,8,6,100,600),
(2516,'2025-09-08',88,27,25,7,100,700),
(2517,'2025-09-08',42,26,19,5,300,1500),
(2518,'2025-09-08',18,2,5,1,500,500),
(2519,'2025-09-08',49,22,7,7,500,3500),
(2520,'2025-09-08',69,26,13,2,300,600),
(2521,'2025-09-08',14,13,11,8,300,2400),
(2522,'2025-09-08',82,37,29,8,150,1200),
(2523,'2025-09-09',14,6,22,3,25,75),
(2524,'2025-09-09',5,36,27,3,150,450),
(2525,'2025-09-09',4,45,6,8,50,400),
(2526,'2025-09-09',50,13,10,2,300,600),
(2527,'2025-09-09',38,14,22,4,50,200),
(2528,'2025-09-09',59,34,2,2,300,600),
(2529,'2025-09-09',22,24,11,1,300,300),
(2530,'2025-09-09',21,27,4,7,100,700),
(2531,'2025-09-09',62,9,24,7,100,700),
(2532,'2025-09-09',27,5,5,7,100,700),
(2533,'2025-09-10',91,20,22,7,25,175),
(2534,'2025-09-10',78,31,19,3,75,225),
(2535,'2025-09-10',65,20,23,4,25,100),
(2536,'2025-09-10',36,44,7,8,50,400),
(2537,'2025-09-10',58,1,3,3,150,450),
(2538,'2025-09-10',68,26,11,4,300,1200),
(2539,'2025-09-10',59,37,15,8,150,1200),
(2540,'2025-09-10',95,37,3,1,150,150),
(2541,'2025-09-10',45,19,23,8,50,400),
(2542,'2025-09-11',54,26,8,3,300,900),
(2543,'2025-09-11',59,12,13,7,300,2100),
(2544,'2025-09-11',90,43,19,3,150,450),
(2545,'2025-09-11',90,7,2,7,25,175),
(2546,'2025-09-11',36,16,29,3,100,300),
(2547,'2025-09-11',86,41,30,5,50,250),
(2548,'2025-09-11',64,5,14,4,100,400),
(2549,'2025-09-11',48,49,3,2,50,100),
(2550,'2025-09-11',65,49,25,2,50,100),
(2551,'2025-09-11',53,50,15,6,25,150),
(2552,'2025-09-12',65,17,2,4,75,300),
(2553,'2025-09-12',10,30,21,1,75,75),
(2554,'2025-09-12',49,45,11,8,50,400),
(2555,'2025-09-12',25,48,13,7,500,3500),
(2556,'2025-09-12',33,3,4,1,100,100),
(2557,'2025-09-12',42,46,22,3,150,450),
(2558,'2025-09-12',63,48,15,8,500,4000),
(2559,'2025-09-12',71,5,22,2,100,200),
(2560,'2025-09-12',18,16,16,8,100,800),
(2561,'2025-09-13',3,11,20,3,100,300),
(2562,'2025-09-13',38,7,4,3,25,75),
(2563,'2025-09-13',22,35,3,7,100,700),
(2564,'2025-09-13',87,43,9,1,150,150),
(2565,'2025-09-13',46,10,6,8,100,800),
(2566,'2025-09-13',87,14,18,1,50,50),
(2567,'2025-09-13',90,14,2,8,50,400),
(2568,'2025-09-13',50,41,23,2,50,100),
(2569,'2025-09-13',7,20,20,8,25,200),
(2570,'2025-09-13',99,1,13,1,150,150),
(2571,'2025-09-14',31,16,7,6,100,600),
(2572,'2025-09-14',54,6,1,1,25,25),
(2573,'2025-09-14',25,1,22,6,150,900),
(2574,'2025-09-14',29,43,29,2,150,300),
(2575,'2025-09-14',93,7,6,3,25,75),
(2576,'2025-09-14',66,3,4,7,100,700),
(2577,'2025-09-14',72,21,21,6,100,600),
(2578,'2025-09-14',70,13,13,4,300,1200),
(2579,'2025-09-14',30,28,7,2,25,50),
(2580,'2025-09-15',23,23,1,6,300,1800),
(2581,'2025-09-15',2,26,13,6,300,1800),
(2582,'2025-09-15',29,14,3,8,50,400),
(2583,'2025-09-15',84,43,20,5,150,750),
(2584,'2025-09-15',9,24,29,1,300,300),
(2585,'2025-09-15',39,14,25,7,50,350),
(2586,'2025-09-15',14,39,23,8,50,400),
(2587,'2025-09-15',33,35,4,3,100,300),
(2588,'2025-09-16',87,21,30,7,100,700),
(2589,'2025-09-16',43,50,6,3,25,75),
(2590,'2025-09-16',86,41,16,6,50,300),
(2591,'2025-09-16',3,5,20,6,100,600),
(2592,'2025-09-16',49,38,17,8,50,400),
(2593,'2025-09-16',65,41,19,4,50,200),
(2594,'2025-09-16',30,46,1,1,150,150),
(2595,'2025-09-16',40,40,8,2,150,300),
(2596,'2025-09-16',97,48,8,7,500,3500),
(2597,'2025-09-16',8,40,5,2,150,300),
(2598,'2025-09-16',38,24,7,8,300,2400),
(2599,'2025-09-16',27,10,21,7,100,700),
(2600,'2025-09-17',95,16,29,8,100,800),
(2601,'2025-09-17',36,22,11,3,500,1500),
(2602,'2025-09-17',67,42,26,1,150,150),
(2603,'2025-09-17',97,27,1,5,100,500),
(2604,'2025-09-17',44,15,8,6,200,1200),
(2605,'2025-09-17',86,14,8,1,50,50),
(2606,'2025-09-17',78,44,28,4,50,200),
(2607,'2025-09-17',24,25,15,6,150,900),
(2608,'2025-09-18',9,5,7,8,100,800),
(2609,'2025-09-18',27,4,5,3,200,600),
(2610,'2025-09-18',76,6,18,3,25,75),
(2611,'2025-09-18',65,14,3,4,50,200),
(2612,'2025-09-18',40,28,6,8,25,200),
(2613,'2025-09-18',32,47,14,4,200,800),
(2614,'2025-09-18',39,12,10,4,300,1200),
(2615,'2025-09-18',82,37,7,8,150,1200),
(2616,'2025-09-19',47,31,13,2,75,150),
(2617,'2025-09-19',61,25,15,3,150,450),
(2618,'2025-09-19',98,28,5,7,25,175),
(2619,'2025-09-19',98,31,13,1,75,75),
(2620,'2025-09-19',98,28,30,2,25,50),
(2621,'2025-09-19',71,20,24,3,25,75),
(2622,'2025-09-19',49,12,15,5,300,1500),
(2623,'2025-09-19',37,20,13,8,25,200),
(2624,'2025-09-19',10,36,11,8,150,1200),
(2625,'2025-09-19',26,9,5,8,100,800),
(2626,'2025-09-20',65,1,24,1,150,150),
(2627,'2025-09-20',63,47,13,6,200,1200),
(2628,'2025-09-20',96,27,12,7,100,700),
(2629,'2025-09-20',40,25,21,8,150,1200),
(2630,'2025-09-20',53,38,29,2,50,100),
(2631,'2025-09-20',50,3,30,2,100,200),
(2632,'2025-09-20',25,37,25,3,150,450),
(2633,'2025-09-20',99,28,30,5,25,125),
(2634,'2025-09-20',66,49,23,6,50,300),
(2635,'2025-09-21',90,41,2,6,50,300),
(2636,'2025-09-21',55,42,24,7,150,1050),
(2637,'2025-09-21',62,16,2,4,100,400),
(2638,'2025-09-21',90,24,22,1,300,300),
(2639,'2025-09-21',34,42,20,3,150,450),
(2640,'2025-09-21',33,30,8,3,75,225),
(2641,'2025-09-21',2,39,4,3,50,150),
(2642,'2025-09-21',83,50,23,2,25,50),
(2643,'2025-09-21',91,25,19,7,150,1050),
(2644,'2025-09-21',55,6,6,4,25,100),
(2645,'2025-09-21',89,28,10,5,25,125),
(2646,'2025-09-22',76,35,10,7,100,700),
(2647,'2025-09-22',97,47,29,7,200,1400),
(2648,'2025-09-22',14,47,21,2,200,400),
(2649,'2025-09-22',19,37,9,6,150,900),
(2650,'2025-09-22',96,48,13,4,500,2000),
(2651,'2025-09-22',1,45,6,5,50,250),
(2652,'2025-09-22',13,32,3,1,100,100),
(2653,'2025-09-22',68,50,14,7,25,175),
(2654,'2025-09-22',94,42,14,5,150,750),
(2655,'2025-09-22',48,11,6,3,100,300),
(2656,'2025-09-22',26,46,16,3,150,450),
(2657,'2025-09-22',58,12,19,2,300,600),
(2658,'2025-09-23',8,12,24,4,300,1200),
(2659,'2025-09-23',34,12,29,4,300,1200),
(2660,'2025-09-23',81,27,30,8,100,800),
(2661,'2025-09-23',82,40,6,2,150,300),
(2662,'2025-09-23',11,6,13,5,25,125),
(2663,'2025-09-23',9,8,11,5,100,500),
(2664,'2025-09-23',62,2,16,4,500,2000),
(2665,'2025-09-23',2,44,2,2,50,100),
(2666,'2025-09-23',86,18,19,1,150,150),
(2667,'2025-09-24',67,7,26,4,25,100),
(2668,'2025-09-24',78,1,17,7,150,1050),
(2669,'2025-09-24',63,49,16,5,50,250),
(2670,'2025-09-24',78,49,14,6,50,300),
(2671,'2025-09-24',88,22,29,6,500,3000),
(2672,'2025-09-24',31,22,12,6,500,3000),
(2673,'2025-09-24',49,43,20,7,150,1050),
(2674,'2025-09-24',43,4,26,6,200,1200),
(2675,'2025-09-25',90,1,13,8,150,1200),
(2676,'2025-09-25',4,47,20,3,200,600),
(2677,'2025-09-25',90,8,25,5,100,500),
(2678,'2025-09-25',58,16,20,6,100,600),
(2679,'2025-09-25',66,44,14,8,50,400),
(2680,'2025-09-25',1,43,21,4,150,600),
(2681,'2025-09-25',82,21,12,1,100,100),
(2682,'2025-09-25',87,3,15,6,100,600),
(2683,'2025-09-26',52,39,24,8,50,400),
(2684,'2025-09-26',45,40,14,2,150,300),
(2685,'2025-09-26',94,31,13,2,75,150),
(2686,'2025-09-26',92,19,5,4,50,200),
(2687,'2025-09-26',17,34,16,1,300,300),
(2688,'2025-09-26',87,6,18,5,25,125),
(2689,'2025-09-26',58,30,4,3,75,225),
(2690,'2025-09-26',32,31,7,4,75,300),
(2691,'2025-09-26',14,11,14,2,100,200),
(2692,'2025-09-27',50,11,25,6,100,600),
(2693,'2025-09-27',93,18,9,4,150,600),
(2694,'2025-09-27',86,43,4,8,150,1200),
(2695,'2025-09-27',69,43,21,3,150,450),
(2696,'2025-09-27',12,47,26,8,200,1600),
(2697,'2025-09-27',29,45,30,6,50,300),
(2698,'2025-09-27',83,37,11,2,150,300),
(2699,'2025-09-27',84,25,21,7,150,1050),
(2700,'2025-09-28',29,28,9,4,25,100),
(2701,'2025-09-28',12,8,4,5,100,500),
(2702,'2025-09-28',95,6,19,6,25,150),
(2703,'2025-09-28',74,13,12,2,300,600),
(2704,'2025-09-28',49,9,19,6,100,600),
(2705,'2025-09-28',40,48,2,1,500,500),
(2706,'2025-09-28',50,38,14,4,50,200),
(2707,'2025-09-28',87,21,30,6,100,600),
(2708,'2025-09-28',14,9,13,4,100,400),
(2709,'2025-09-28',41,1,5,8,150,1200),
(2710,'2025-09-28',64,19,22,4,50,200),
(2711,'2025-09-28',77,30,10,3,75,225),
(2712,'2025-09-29',77,48,11,1,500,500),
(2713,'2025-09-29',36,20,28,2,25,50),
(2714,'2025-09-29',81,46,27,8,150,1200),
(2715,'2025-09-29',38,14,23,8,50,400),
(2716,'2025-09-29',43,25,5,1,150,150),
(2717,'2025-09-29',94,46,30,4,150,600),
(2718,'2025-09-29',100,15,6,1,200,200),
(2719,'2025-09-29',39,32,27,7,100,700),
(2720,'2025-09-29',3,43,18,3,150,450),
(2721,'2025-09-30',87,22,16,7,500,3500),
(2722,'2025-09-30',51,23,3,7,300,2100),
(2723,'2025-09-30',37,34,23,5,300,1500),
(2724,'2025-09-30',13,13,5,7,300,2100),
(2725,'2025-09-30',91,21,10,1,100,100),
(2726,'2025-09-30',74,30,5,3,75,225),
(2727,'2025-09-30',38,29,29,8,25,200),
(2728,'2025-09-30',28,10,26,4,100,400),
(2729,'2025-09-30',95,48,21,4,500,2000),
(2730,'2025-09-30',93,1,28,6,150,900),
(2731,'2025-09-30',87,37,26,2,150,300),
(2732,'2025-10-01',87,25,27,7,150,1050),
(2733,'2025-10-01',13,11,12,1,100,100),
(2734,'2025-10-01',7,31,4,3,75,225),
(2735,'2025-10-01',76,33,14,6,100,600),
(2736,'2025-10-01',32,10,2,7,100,700),
(2737,'2025-10-01',51,8,16,4,100,400),
(2738,'2025-10-01',84,20,24,3,25,75),
(2739,'2025-10-01',100,25,15,2,150,300),
(2740,'2025-10-01',36,42,21,7,150,1050),
(2741,'2025-10-02',16,24,4,1,300,300),
(2742,'2025-10-02',63,6,21,2,25,50),
(2743,'2025-10-02',3,43,19,4,150,600),
(2744,'2025-10-02',36,37,23,8,150,1200),
(2745,'2025-10-02',76,48,6,2,500,1000),
(2746,'2025-10-02',83,25,23,8,150,1200),
(2747,'2025-10-02',74,28,5,5,25,125),
(2748,'2025-10-02',9,7,23,6,25,150),
(2749,'2025-10-02',52,35,27,3,100,300),
(2750,'2025-10-02',51,45,18,1,50,50),
(2751,'2025-10-02',9,35,17,8,100,800),
(2752,'2025-10-03',97,35,25,2,100,200),
(2753,'2025-10-03',24,14,28,2,50,100),
(2754,'2025-10-03',1,39,18,3,50,150),
(2755,'2025-10-03',16,29,2,6,25,150),
(2756,'2025-10-03',84,9,6,4,100,400),
(2757,'2025-10-03',97,6,2,5,25,125),
(2758,'2025-10-03',65,6,10,2,25,50),
(2759,'2025-10-03',55,24,22,3,300,900),
(2760,'2025-10-03',39,1,2,4,150,600),
(2761,'2025-10-03',85,34,18,5,300,1500),
(2762,'2025-10-03',74,29,16,3,25,75),
(2763,'2025-10-03',67,45,30,6,50,300),
(2764,'2025-10-04',89,39,4,4,50,200),
(2765,'2025-10-04',31,43,2,1,150,150),
(2766,'2025-10-04',39,13,28,3,300,900),
(2767,'2025-10-04',78,14,18,3,50,150),
(2768,'2025-10-04',36,14,5,6,50,300),
(2769,'2025-10-04',10,47,18,7,200,1400),
(2770,'2025-10-04',49,17,21,5,75,375),
(2771,'2025-10-04',59,11,3,7,100,700),
(2772,'2025-10-04',89,17,5,7,75,525),
(2773,'2025-10-04',10,35,21,4,100,400),
(2774,'2025-10-05',92,41,12,4,50,200),
(2775,'2025-10-05',54,37,27,3,150,450),
(2776,'2025-10-05',56,10,13,6,100,600),
(2777,'2025-10-05',10,2,9,4,500,2000),
(2778,'2025-10-05',88,8,18,2,100,200),
(2779,'2025-10-05',43,27,21,2,100,200),
(2780,'2025-10-05',43,6,25,6,25,150),
(2781,'2025-10-05',29,18,9,3,150,450),
(2782,'2025-10-05',49,1,8,2,150,300),
(2783,'2025-10-05',16,25,6,2,150,300),
(2784,'2025-10-06',76,47,27,5,200,1000),
(2785,'2025-10-06',68,32,12,2,100,200),
(2786,'2025-10-06',71,45,9,5,50,250),
(2787,'2025-10-06',7,39,6,2,50,100),
(2788,'2025-10-06',24,21,12,7,100,700),
(2789,'2025-10-06',62,48,19,7,500,3500),
(2790,'2025-10-06',2,9,22,5,100,500),
(2791,'2025-10-06',85,33,5,3,100,300),
(2792,'2025-10-06',73,10,24,7,100,700),
(2793,'2025-10-06',93,18,21,1,150,150),
(2794,'2025-10-06',87,24,20,4,300,1200),
(2795,'2025-10-06',24,27,15,8,100,800),
(2796,'2025-10-07',36,30,14,5,75,375),
(2797,'2025-10-07',40,34,21,4,300,1200),
(2798,'2025-10-07',53,6,25,5,25,125),
(2799,'2025-10-07',82,21,3,2,100,200),
(2800,'2025-10-07',12,5,6,4,100,400),
(2801,'2025-10-07',11,37,24,1,150,150),
(2802,'2025-10-07',2,19,14,8,50,400),
(2803,'2025-10-07',62,44,16,3,50,150),
(2804,'2025-10-07',52,33,1,2,100,200),
(2805,'2025-10-07',96,40,1,4,150,600),
(2806,'2025-10-08',32,45,24,6,50,300),
(2807,'2025-10-08',78,43,15,1,150,150),
(2808,'2025-10-08',23,11,3,4,100,400),
(2809,'2025-10-08',66,24,12,3,300,900),
(2810,'2025-10-08',64,4,13,7,200,1400),
(2811,'2025-10-08',15,11,11,6,100,600),
(2812,'2025-10-08',70,44,28,4,50,200),
(2813,'2025-10-08',38,50,10,2,25,50),
(2814,'2025-10-08',34,31,7,5,75,375),
(2815,'2025-10-08',28,1,30,7,150,1050),
(2816,'2025-10-08',60,20,29,1,25,25),
(2817,'2025-10-09',46,32,1,1,100,100),
(2818,'2025-10-09',43,40,10,8,150,1200),
(2819,'2025-10-09',1,23,12,2,300,600),
(2820,'2025-10-09',52,47,12,3,200,600),
(2821,'2025-10-09',56,1,16,2,150,300),
(2822,'2025-10-09',68,13,17,2,300,600),
(2823,'2025-10-09',16,10,30,7,100,700),
(2824,'2025-10-09',20,32,25,1,100,100),
(2825,'2025-10-09',29,43,16,5,150,750),
(2826,'2025-10-09',39,26,12,6,300,1800),
(2827,'2025-10-09',69,28,26,3,25,75),
(2828,'2025-10-09',57,18,22,2,150,300),
(2829,'2025-10-10',46,11,24,3,100,300),
(2830,'2025-10-10',46,28,29,1,25,25),
(2831,'2025-10-10',15,46,7,4,150,600),
(2832,'2025-10-10',18,19,13,1,50,50),
(2833,'2025-10-10',5,27,6,6,100,600),
(2834,'2025-10-10',62,43,22,4,150,600),
(2835,'2025-10-10',54,18,16,2,150,300),
(2836,'2025-10-10',88,36,23,8,150,1200),
(2837,'2025-10-10',97,9,25,6,100,600),
(2838,'2025-10-10',65,50,24,7,25,175),
(2839,'2025-10-10',17,48,4,7,500,3500),
(2840,'2025-10-11',20,2,12,3,500,1500),
(2841,'2025-10-11',99,33,22,1,100,100),
(2842,'2025-10-11',87,16,27,1,100,100),
(2843,'2025-10-11',77,22,24,7,500,3500),
(2844,'2025-10-11',62,1,10,7,150,1050),
(2845,'2025-10-11',11,19,25,8,50,400),
(2846,'2025-10-11',80,28,5,4,25,100),
(2847,'2025-10-11',32,47,9,3,200,600),
(2848,'2025-10-12',86,17,27,4,75,300),
(2849,'2025-10-12',61,28,23,4,25,100),
(2850,'2025-10-12',25,7,28,3,25,75),
(2851,'2025-10-12',30,38,4,3,50,150),
(2852,'2025-10-12',5,9,9,7,100,700),
(2853,'2025-10-12',55,13,1,3,300,900),
(2854,'2025-10-12',12,40,28,4,150,600),
(2855,'2025-10-12',53,4,17,7,200,1400),
(2856,'2025-10-13',29,45,11,4,50,200),
(2857,'2025-10-13',8,28,17,8,25,200),
(2858,'2025-10-13',39,28,4,1,25,25),
(2859,'2025-10-13',36,18,12,6,150,900),
(2860,'2025-10-13',32,46,11,7,150,1050),
(2861,'2025-10-13',6,4,1,3,200,600),
(2862,'2025-10-13',28,4,10,6,200,1200),
(2863,'2025-10-13',78,31,4,5,75,375),
(2864,'2025-10-13',33,28,16,3,25,75),
(2865,'2025-10-13',39,24,4,6,300,1800),
(2866,'2025-10-14',88,43,18,1,150,150),
(2867,'2025-10-14',43,50,12,3,25,75),
(2868,'2025-10-14',96,48,25,6,500,3000),
(2869,'2025-10-14',31,38,21,6,50,300),
(2870,'2025-10-14',75,18,13,4,150,600),
(2871,'2025-10-14',17,6,21,2,25,50),
(2872,'2025-10-14',6,48,19,2,500,1000),
(2873,'2025-10-14',25,42,23,4,150,600),
(2874,'2025-10-15',70,7,20,2,25,50),
(2875,'2025-10-15',93,22,16,5,500,2500),
(2876,'2025-10-15',69,49,24,4,50,200),
(2877,'2025-10-15',17,10,7,1,100,100),
(2878,'2025-10-15',98,27,28,5,100,500),
(2879,'2025-10-15',47,36,15,6,150,900),
(2880,'2025-10-15',56,41,3,2,50,100),
(2881,'2025-10-15',68,31,30,7,75,525),
(2882,'2025-10-15',22,33,20,1,100,100),
(2883,'2025-10-15',38,18,2,3,150,450),
(2884,'2025-10-15',89,37,7,1,150,150),
(2885,'2025-10-16',22,32,15,2,100,200),
(2886,'2025-10-16',72,49,25,7,50,350),
(2887,'2025-10-16',78,25,9,7,150,1050),
(2888,'2025-10-16',1,14,6,3,50,150),
(2889,'2025-10-16',76,37,23,4,150,600),
(2890,'2025-10-16',65,1,23,8,150,1200),
(2891,'2025-10-16',39,47,28,5,200,1000),
(2892,'2025-10-16',91,15,9,5,200,1000),
(2893,'2025-10-16',22,36,8,2,150,300),
(2894,'2025-10-16',38,3,2,4,100,400),
(2895,'2025-10-16',36,41,30,3,50,150),
(2896,'2025-10-17',83,18,8,1,150,150),
(2897,'2025-10-17',1,14,21,2,50,100),
(2898,'2025-10-17',42,23,3,6,300,1800),
(2899,'2025-10-17',93,46,5,5,150,750),
(2900,'2025-10-17',42,27,2,5,100,500),
(2901,'2025-10-17',46,41,8,1,50,50),
(2902,'2025-10-17',23,47,9,5,200,1000),
(2903,'2025-10-17',93,2,24,2,500,1000),
(2904,'2025-10-17',84,45,9,7,50,350),
(2905,'2025-10-18',57,36,8,4,150,600),
(2906,'2025-10-18',27,21,19,5,100,500),
(2907,'2025-10-18',20,41,15,7,50,350),
(2908,'2025-10-18',48,15,5,7,200,1400),
(2909,'2025-10-18',64,31,6,2,75,150),
(2910,'2025-10-18',23,30,7,3,75,225),
(2911,'2025-10-18',94,37,6,8,150,1200),
(2912,'2025-10-18',3,42,10,5,150,750),
(2913,'2025-10-18',51,11,22,3,100,300),
(2914,'2025-10-18',9,39,5,4,50,200),
(2915,'2025-10-18',32,5,15,7,100,700),
(2916,'2025-10-18',13,42,24,7,150,1050),
(2917,'2025-10-19',78,9,4,1,100,100),
(2918,'2025-10-19',3,25,4,7,150,1050),
(2919,'2025-10-19',17,1,8,1,150,150),
(2920,'2025-10-19',35,50,5,2,25,50),
(2921,'2025-10-19',2,41,26,1,50,50),
(2922,'2025-10-19',91,7,3,6,25,150),
(2923,'2025-10-19',62,13,25,3,300,900),
(2924,'2025-10-19',21,37,10,8,150,1200),
(2925,'2025-10-19',20,22,8,8,500,4000),
(2926,'2025-10-19',81,4,18,5,200,1000),
(2927,'2025-10-19',6,8,4,1,100,100),
(2928,'2025-10-19',14,35,17,5,100,500),
(2929,'2025-10-20',29,10,1,1,100,100),
(2930,'2025-10-20',50,15,5,7,200,1400),
(2931,'2025-10-20',29,23,30,5,300,1500),
(2932,'2025-10-20',88,44,29,7,50,350),
(2933,'2025-10-20',63,46,6,2,150,300),
(2934,'2025-10-20',14,8,10,4,100,400),
(2935,'2025-10-20',79,23,11,2,300,600),
(2936,'2025-10-20',11,8,29,6,100,600),
(2937,'2025-10-20',23,3,14,3,100,300),
(2938,'2025-10-20',77,34,6,6,300,1800),
(2939,'2025-10-20',20,44,29,7,50,350),
(2940,'2025-10-21',45,40,29,5,150,750),
(2941,'2025-10-21',64,7,22,5,25,125),
(2942,'2025-10-21',92,24,26,5,300,1500),
(2943,'2025-10-21',20,5,25,1,100,100),
(2944,'2025-10-21',41,42,5,3,150,450),
(2945,'2025-10-21',93,25,26,8,150,1200),
(2946,'2025-10-21',15,31,19,2,75,150),
(2947,'2025-10-21',19,28,3,5,25,125),
(2948,'2025-10-21',24,21,25,3,100,300),
(2949,'2025-10-21',41,25,16,6,150,900),
(2950,'2025-10-22',78,31,26,7,75,525),
(2951,'2025-10-22',18,41,26,6,50,300),
(2952,'2025-10-22',50,42,14,4,150,600),
(2953,'2025-10-22',69,36,18,8,150,1200),
(2954,'2025-10-22',50,32,3,4,100,400),
(2955,'2025-10-22',68,38,19,7,50,350),
(2956,'2025-10-22',90,50,3,4,25,100),
(2957,'2025-10-22',1,16,7,6,100,600),
(2958,'2025-10-22',72,2,16,6,500,3000),
(2959,'2025-10-22',8,9,30,2,100,200),
(2960,'2025-10-22',100,23,27,6,300,1800),
(2961,'2025-10-23',19,19,27,8,50,400),
(2962,'2025-10-23',32,36,7,7,150,1050),
(2963,'2025-10-23',96,15,5,1,200,200),
(2964,'2025-10-23',49,8,24,3,100,300),
(2965,'2025-10-23',48,2,2,7,500,3500),
(2966,'2025-10-23',85,45,19,2,50,100),
(2967,'2025-10-23',77,5,28,8,100,800),
(2968,'2025-10-23',19,11,12,1,100,100),
(2969,'2025-10-23',32,10,3,2,100,200),
(2970,'2025-10-24',20,37,25,7,150,1050),
(2971,'2025-10-24',96,12,5,8,300,2400),
(2972,'2025-10-24',61,48,14,5,500,2500),
(2973,'2025-10-24',57,47,26,6,200,1200),
(2974,'2025-10-24',37,42,4,1,150,150),
(2975,'2025-10-24',83,10,2,1,100,100),
(2976,'2025-10-24',65,39,6,3,50,150),
(2977,'2025-10-24',55,1,22,7,150,1050),
(2978,'2025-10-25',74,36,17,5,150,750),
(2979,'2025-10-25',55,20,30,4,25,100),
(2980,'2025-10-25',12,11,17,5,100,500),
(2981,'2025-10-25',96,25,7,3,150,450),
(2982,'2025-10-25',29,26,13,1,300,300),
(2983,'2025-10-25',89,12,15,2,300,600),
(2984,'2025-10-25',84,31,21,6,75,450),
(2985,'2025-10-25',22,26,2,7,300,2100),
(2986,'2025-10-25',25,24,9,7,300,2100),
(2987,'2025-10-25',10,7,12,2,25,50),
(2988,'2025-10-25',4,39,8,6,50,300),
(2989,'2025-10-26',9,11,7,2,100,200),
(2990,'2025-10-26',97,39,30,1,50,50),
(2991,'2025-10-26',71,20,7,4,25,100),
(2992,'2025-10-26',31,41,9,1,50,50),
(2993,'2025-10-26',73,6,26,1,25,25),
(2994,'2025-10-26',7,31,11,1,75,75),
(2995,'2025-10-26',2,6,12,5,25,125),
(2996,'2025-10-26',51,49,17,5,50,250),
(2997,'2025-10-26',97,13,13,6,300,1800),
(2998,'2025-10-26',17,47,23,6,200,1200),
(2999,'2025-10-27',95,22,17,7,500,3500),
(3000,'2025-10-27',4,7,19,3,25,75),
(3001,'2025-10-27',76,25,28,8,150,1200),
(3002,'2025-10-27',21,3,5,5,100,500),
(3003,'2025-10-27',11,44,29,8,50,400),
(3004,'2025-10-27',92,41,8,2,50,100),
(3005,'2025-10-27',99,14,23,3,50,150),
(3006,'2025-10-27',58,11,26,6,100,600),
(3007,'2025-10-28',47,22,20,5,500,2500),
(3008,'2025-10-28',92,28,25,1,25,25),
(3009,'2025-10-28',31,44,7,7,50,350),
(3010,'2025-10-28',20,40,19,2,150,300),
(3011,'2025-10-28',13,41,26,8,50,400),
(3012,'2025-10-28',99,1,28,3,150,450),
(3013,'2025-10-28',64,20,4,2,25,50),
(3014,'2025-10-28',22,30,30,6,75,450),
(3015,'2025-10-28',9,19,9,3,50,150),
(3016,'2025-10-29',12,24,3,6,300,1800),
(3017,'2025-10-29',34,12,16,8,300,2400),
(3018,'2025-10-29',84,17,30,8,75,600),
(3019,'2025-10-29',73,9,16,2,100,200),
(3020,'2025-10-29',37,3,13,6,100,600),
(3021,'2025-10-29',57,27,12,3,100,300),
(3022,'2025-10-29',48,33,3,6,100,600),
(3023,'2025-10-29',65,44,15,7,50,350),
(3024,'2025-10-29',80,17,21,1,75,75),
(3025,'2025-10-29',90,4,27,4,200,800),
(3026,'2025-10-29',20,36,28,1,150,150),
(3027,'2025-10-29',49,7,6,5,25,125),
(3028,'2025-10-30',29,26,13,2,300,600),
(3029,'2025-10-30',45,30,15,2,75,150),
(3030,'2025-10-30',14,30,3,8,75,600),
(3031,'2025-10-30',51,12,25,2,300,600),
(3032,'2025-10-30',52,28,11,4,25,100),
(3033,'2025-10-30',44,5,20,6,100,600),
(3034,'2025-10-30',90,32,24,4,100,400),
(3035,'2025-10-30',36,31,15,2,75,150),
(3036,'2025-10-30',61,3,5,3,100,300),
(3037,'2025-10-30',41,41,19,4,50,200),
(3038,'2025-10-30',8,3,30,7,100,700),
(3039,'2025-10-30',61,24,7,7,300,2100),
(3040,'2025-10-31',98,14,22,1,50,50),
(3041,'2025-10-31',33,28,21,5,25,125),
(3042,'2025-10-31',19,12,3,2,300,600),
(3043,'2025-10-31',11,18,10,7,150,1050),
(3044,'2025-10-31',54,46,17,8,150,1200),
(3045,'2025-10-31',24,14,27,5,50,250),
(3046,'2025-10-31',55,4,11,2,200,400),
(3047,'2025-10-31',22,49,7,5,50,250),
(3048,'2025-11-01',61,27,18,8,100,800),
(3049,'2025-11-01',90,45,14,3,50,150),
(3050,'2025-11-01',2,23,18,7,300,2100),
(3051,'2025-11-01',10,39,24,4,50,200),
(3052,'2025-11-01',42,43,22,3,150,450),
(3053,'2025-11-01',2,47,5,6,200,1200),
(3054,'2025-11-01',64,30,28,3,75,225),
(3055,'2025-11-01',87,21,14,2,100,200),
(3056,'2025-11-01',58,17,27,1,75,75),
(3057,'2025-11-01',82,9,19,8,100,800),
(3058,'2025-11-02',96,3,7,4,100,400),
(3059,'2025-11-02',77,27,13,3,100,300),
(3060,'2025-11-02',27,14,7,6,50,300),
(3061,'2025-11-02',48,44,27,1,50,50),
(3062,'2025-11-02',39,24,29,1,300,300),
(3063,'2025-11-02',90,20,16,2,25,50),
(3064,'2025-11-02',53,42,14,8,150,1200),
(3065,'2025-11-02',70,23,14,6,300,1800),
(3066,'2025-11-03',15,49,30,6,50,300),
(3067,'2025-11-03',55,12,12,8,300,2400),
(3068,'2025-11-03',70,12,14,3,300,900),
(3069,'2025-11-03',85,25,23,5,150,750),
(3070,'2025-11-03',82,44,10,7,50,350),
(3071,'2025-11-03',12,45,26,2,50,100),
(3072,'2025-11-03',84,7,1,2,25,50),
(3073,'2025-11-03',14,40,16,7,150,1050),
(3074,'2025-11-03',82,48,15,2,500,1000),
(3075,'2025-11-03',86,33,10,1,100,100),
(3076,'2025-11-03',29,27,25,4,100,400),
(3077,'2025-11-03',15,30,7,7,75,525),
(3078,'2025-11-04',60,8,14,6,100,600),
(3079,'2025-11-04',1,42,12,7,150,1050),
(3080,'2025-11-04',35,15,29,5,200,1000),
(3081,'2025-11-04',40,43,27,5,150,750),
(3082,'2025-11-04',1,27,29,4,100,400),
(3083,'2025-11-04',2,27,1,1,100,100),
(3084,'2025-11-04',67,10,27,6,100,600),
(3085,'2025-11-04',43,48,6,6,500,3000),
(3086,'2025-11-04',31,37,18,7,150,1050),
(3087,'2025-11-04',79,26,21,4,300,1200),
(3088,'2025-11-04',74,26,14,1,300,300),
(3089,'2025-11-05',94,41,6,7,50,350),
(3090,'2025-11-05',67,26,6,6,300,1800),
(3091,'2025-11-05',13,28,23,4,25,100),
(3092,'2025-11-05',81,9,19,2,100,200),
(3093,'2025-11-05',71,26,6,5,300,1500),
(3094,'2025-11-05',12,21,3,4,100,400),
(3095,'2025-11-05',2,2,21,7,500,3500),
(3096,'2025-11-05',4,50,20,3,25,75),
(3097,'2025-11-05',74,46,13,2,150,300),
(3098,'2025-11-06',59,48,21,3,500,1500),
(3099,'2025-11-06',24,41,8,6,50,300),
(3100,'2025-11-06',39,42,7,4,150,600),
(3101,'2025-11-06',93,35,25,4,100,400),
(3102,'2025-11-06',85,25,2,5,150,750),
(3103,'2025-11-06',19,18,21,2,150,300),
(3104,'2025-11-06',15,2,15,2,500,1000),
(3105,'2025-11-06',14,39,5,2,50,100),
(3106,'2025-11-07',12,17,3,3,75,225),
(3107,'2025-11-07',27,32,13,6,100,600),
(3108,'2025-11-07',3,7,14,8,25,200),
(3109,'2025-11-07',81,5,3,8,100,800),
(3110,'2025-11-07',49,14,29,7,50,350),
(3111,'2025-11-07',21,21,6,8,100,800),
(3112,'2025-11-07',23,20,22,1,25,25),
(3113,'2025-11-07',16,37,11,1,150,150),
(3114,'2025-11-07',79,23,20,8,300,2400),
(3115,'2025-11-07',21,35,17,1,100,100),
(3116,'2025-11-08',78,8,1,4,100,400),
(3117,'2025-11-08',67,35,17,1,100,100),
(3118,'2025-11-08',28,49,28,3,50,150),
(3119,'2025-11-08',28,24,1,2,300,600),
(3120,'2025-11-08',29,21,3,3,100,300),
(3121,'2025-11-08',35,47,9,3,200,600),
(3122,'2025-11-08',12,31,12,4,75,300),
(3123,'2025-11-08',60,46,24,5,150,750),
(3124,'2025-11-08',66,32,13,7,100,700),
(3125,'2025-11-08',23,13,7,5,300,1500),
(3126,'2025-11-09',75,26,26,2,300,600),
(3127,'2025-11-09',22,50,26,5,25,125),
(3128,'2025-11-09',56,14,29,8,50,400),
(3129,'2025-11-09',77,29,24,7,25,175),
(3130,'2025-11-09',80,18,4,6,150,900),
(3131,'2025-11-09',55,39,7,7,50,350),
(3132,'2025-11-09',48,37,29,6,150,900),
(3133,'2025-11-09',58,41,6,2,50,100),
(3134,'2025-11-09',76,3,14,5,100,500),
(3135,'2025-11-09',51,19,1,6,50,300),
(3136,'2025-11-10',55,12,26,6,300,1800),
(3137,'2025-11-10',32,12,3,6,300,1800),
(3138,'2025-11-10',48,14,5,6,50,300),
(3139,'2025-11-10',16,50,1,6,25,150),
(3140,'2025-11-10',92,21,11,1,100,100),
(3141,'2025-11-10',73,14,26,8,50,400),
(3142,'2025-11-10',72,21,3,4,100,400),
(3143,'2025-11-10',78,25,7,5,150,750),
(3144,'2025-11-11',72,14,9,2,50,100),
(3145,'2025-11-11',74,46,29,2,150,300),
(3146,'2025-11-11',88,42,25,7,150,1050),
(3147,'2025-11-11',41,28,7,6,25,150),
(3148,'2025-11-11',64,13,16,1,300,300),
(3149,'2025-11-11',54,3,4,5,100,500),
(3150,'2025-11-11',22,8,20,8,100,800),
(3151,'2025-11-11',31,21,19,7,100,700),
(3152,'2025-11-11',3,2,21,5,500,2500),
(3153,'2025-11-11',60,37,10,1,150,150),
(3154,'2025-11-11',5,9,29,7,100,700),
(3155,'2025-11-11',44,35,21,1,100,100),
(3156,'2025-11-12',13,5,27,8,100,800),
(3157,'2025-11-12',36,27,11,5,100,500),
(3158,'2025-11-12',52,49,3,6,50,300),
(3159,'2025-11-12',64,36,20,6,150,900),
(3160,'2025-11-12',39,4,23,7,200,1400),
(3161,'2025-11-12',83,30,30,8,75,600),
(3162,'2025-11-12',80,8,4,6,100,600),
(3163,'2025-11-12',7,2,27,4,500,2000),
(3164,'2025-11-13',42,9,28,2,100,200),
(3165,'2025-11-13',29,45,6,7,50,350),
(3166,'2025-11-13',93,6,29,4,25,100),
(3167,'2025-11-13',89,24,28,1,300,300),
(3168,'2025-11-13',6,4,4,5,200,1000),
(3169,'2025-11-13',10,4,9,5,200,1000),
(3170,'2025-11-13',35,22,23,7,500,3500),
(3171,'2025-11-13',75,11,15,3,100,300),
(3172,'2025-11-14',19,9,25,6,100,600),
(3173,'2025-11-14',82,38,15,7,50,350),
(3174,'2025-11-14',67,43,17,2,150,300),
(3175,'2025-11-14',85,16,16,8,100,800),
(3176,'2025-11-14',99,18,24,6,150,900),
(3177,'2025-11-14',12,31,9,4,75,300),
(3178,'2025-11-14',92,50,3,5,25,125),
(3179,'2025-11-14',85,23,21,4,300,1200),
(3180,'2025-11-15',10,45,16,2,50,100),
(3181,'2025-11-15',2,4,22,4,200,800),
(3182,'2025-11-15',50,14,7,8,50,400),
(3183,'2025-11-15',44,32,7,2,100,200),
(3184,'2025-11-15',98,38,10,6,50,300),
(3185,'2025-11-15',84,46,5,8,150,1200),
(3186,'2025-11-15',17,33,8,2,100,200),
(3187,'2025-11-15',58,24,28,7,300,2100),
(3188,'2025-11-15',100,40,13,4,150,600),
(3189,'2025-11-16',55,5,6,5,100,500),
(3190,'2025-11-16',74,44,21,5,50,250),
(3191,'2025-11-16',60,7,29,3,25,75),
(3192,'2025-11-16',31,7,1,2,25,50),
(3193,'2025-11-16',35,30,1,3,75,225),
(3194,'2025-11-16',46,31,9,8,75,600),
(3195,'2025-11-16',46,8,14,2,100,200),
(3196,'2025-11-16',51,14,17,3,50,150),
(3197,'2025-11-16',7,28,15,6,25,150),
(3198,'2025-11-17',7,24,21,2,300,600),
(3199,'2025-11-17',25,25,10,7,150,1050),
(3200,'2025-11-17',23,13,20,7,300,2100),
(3201,'2025-11-17',67,18,14,8,150,1200),
(3202,'2025-11-17',83,7,8,1,25,25),
(3203,'2025-11-17',15,8,2,4,100,400),
(3204,'2025-11-17',31,3,3,5,100,500),
(3205,'2025-11-17',36,35,8,2,100,200),
(3206,'2025-11-17',51,40,13,7,150,1050),
(3207,'2025-11-17',94,7,27,4,25,100),
(3208,'2025-11-18',22,32,26,4,100,400),
(3209,'2025-11-18',82,14,10,6,50,300),
(3210,'2025-11-18',94,46,1,5,150,750),
(3211,'2025-11-18',65,7,30,3,25,75),
(3212,'2025-11-18',95,45,10,8,50,400),
(3213,'2025-11-18',22,45,11,4,50,200),
(3214,'2025-11-18',22,44,6,2,50,100),
(3215,'2025-11-18',19,22,1,8,500,4000),
(3216,'2025-11-18',55,43,11,8,150,1200),
(3217,'2025-11-18',34,2,29,3,500,1500),
(3218,'2025-11-19',77,11,12,1,100,100),
(3219,'2025-11-19',63,31,28,1,75,75),
(3220,'2025-11-19',15,16,2,8,100,800),
(3221,'2025-11-19',30,2,17,5,500,2500),
(3222,'2025-11-19',97,33,5,3,100,300),
(3223,'2025-11-19',13,50,10,2,25,50),
(3224,'2025-11-19',58,48,16,6,500,3000),
(3225,'2025-11-19',70,48,9,6,500,3000),
(3226,'2025-11-20',59,17,1,6,75,450),
(3227,'2025-11-20',91,23,11,5,300,1500),
(3228,'2025-11-20',15,34,9,8,300,2400),
(3229,'2025-11-20',19,44,14,1,50,50),
(3230,'2025-11-20',46,15,16,3,200,600),
(3231,'2025-11-20',74,2,24,4,500,2000),
(3232,'2025-11-20',47,45,7,7,50,350),
(3233,'2025-11-20',25,48,30,2,500,1000),
(3234,'2025-11-20',36,25,29,2,150,300),
(3235,'2025-11-20',68,41,6,8,50,400),
(3236,'2025-11-20',43,17,13,6,75,450),
(3237,'2025-11-21',40,27,7,5,100,500),
(3238,'2025-11-21',79,3,4,6,100,600),
(3239,'2025-11-21',73,28,26,8,25,200),
(3240,'2025-11-21',15,23,1,5,300,1500),
(3241,'2025-11-21',60,32,22,3,100,300),
(3242,'2025-11-21',80,10,18,5,100,500),
(3243,'2025-11-21',39,43,16,3,150,450),
(3244,'2025-11-21',38,19,1,2,50,100),
(3245,'2025-11-21',28,30,10,1,75,75),
(3246,'2025-11-21',7,38,16,2,50,100),
(3247,'2025-11-21',56,20,12,1,25,25),
(3248,'2025-11-21',7,43,9,1,150,150),
(3249,'2025-11-22',65,23,22,5,300,1500),
(3250,'2025-11-22',12,50,23,3,25,75),
(3251,'2025-11-22',94,18,7,3,150,450),
(3252,'2025-11-22',38,28,8,2,25,50),
(3253,'2025-11-22',46,3,8,8,100,800),
(3254,'2025-11-22',55,44,13,7,50,350),
(3255,'2025-11-22',39,7,20,5,25,125),
(3256,'2025-11-22',73,20,14,3,25,75),
(3257,'2025-11-22',75,44,5,6,50,300),
(3258,'2025-11-23',54,17,18,3,75,225),
(3259,'2025-11-23',40,13,3,5,300,1500),
(3260,'2025-11-23',70,20,6,8,25,200),
(3261,'2025-11-23',13,25,5,7,150,1050),
(3262,'2025-11-23',89,34,11,8,300,2400),
(3263,'2025-11-23',60,33,12,6,100,600),
(3264,'2025-11-23',54,28,14,8,25,200),
(3265,'2025-11-23',72,30,1,1,75,75),
(3266,'2025-11-23',12,50,25,7,25,175),
(3267,'2025-11-24',32,40,19,5,150,750),
(3268,'2025-11-24',17,33,20,6,100,600),
(3269,'2025-11-24',7,35,25,5,100,500),
(3270,'2025-11-24',52,26,22,3,300,900),
(3271,'2025-11-24',98,1,28,8,150,1200),
(3272,'2025-11-24',7,34,3,8,300,2400),
(3273,'2025-11-24',84,4,4,5,200,1000),
(3274,'2025-11-24',38,22,19,2,500,1000),
(3275,'2025-11-24',8,31,4,6,75,450),
(3276,'2025-11-25',90,44,7,1,50,50),
(3277,'2025-11-25',72,34,24,3,300,900),
(3278,'2025-11-25',29,32,29,3,100,300),
(3279,'2025-11-25',39,44,21,3,50,150),
(3280,'2025-11-25',63,20,20,1,25,25),
(3281,'2025-11-25',15,45,3,4,50,200),
(3282,'2025-11-25',78,1,29,3,150,450),
(3283,'2025-11-25',32,8,7,2,100,200),
(3284,'2025-11-25',4,7,27,8,25,200),
(3285,'2025-11-25',51,33,2,8,100,800),
(3286,'2025-11-25',52,8,16,5,100,500),
(3287,'2025-11-25',70,12,9,4,300,1200),
(3288,'2025-11-26',85,44,20,8,50,400),
(3289,'2025-11-26',19,8,21,7,100,700),
(3290,'2025-11-26',19,2,27,3,500,1500),
(3291,'2025-11-26',22,48,17,4,500,2000),
(3292,'2025-11-26',61,48,16,4,500,2000),
(3293,'2025-11-26',86,19,4,5,50,250),
(3294,'2025-11-26',48,38,22,8,50,400),
(3295,'2025-11-26',50,18,23,7,150,1050),
(3296,'2025-11-26',54,7,27,8,25,200),
(3297,'2025-11-26',4,28,10,3,25,75),
(3298,'2025-11-26',73,30,13,2,75,150),
(3299,'2025-11-26',5,1,21,5,150,750),
(3300,'2025-11-27',46,29,5,1,25,25),
(3301,'2025-11-27',36,30,1,8,75,600),
(3302,'2025-11-27',65,11,28,6,100,600),
(3303,'2025-11-27',45,33,29,4,100,400),
(3304,'2025-11-27',66,46,3,7,150,1050),
(3305,'2025-11-27',46,12,21,3,300,900),
(3306,'2025-11-27',59,47,23,6,200,1200),
(3307,'2025-11-27',98,9,22,5,100,500),
(3308,'2025-11-27',9,20,30,7,25,175),
(3309,'2025-11-27',49,42,16,8,150,1200),
(3310,'2025-11-27',74,39,23,3,50,150),
(3311,'2025-11-27',17,33,23,5,100,500),
(3312,'2025-11-28',75,38,20,6,50,300),
(3313,'2025-11-28',6,26,1,2,300,600),
(3314,'2025-11-28',30,47,4,3,200,600),
(3315,'2025-11-28',64,43,30,2,150,300),
(3316,'2025-11-28',42,44,25,8,50,400),
(3317,'2025-11-28',14,15,29,4,200,800),
(3318,'2025-11-28',97,12,14,7,300,2100),
(3319,'2025-11-28',79,5,9,1,100,100),
(3320,'2025-11-28',96,8,3,1,100,100),
(3321,'2025-11-28',78,29,21,6,25,150),
(3322,'2025-11-29',14,12,23,6,300,1800),
(3323,'2025-11-29',18,29,21,7,25,175),
(3324,'2025-11-29',26,37,9,4,150,600),
(3325,'2025-11-29',87,32,10,8,100,800),
(3326,'2025-11-29',95,15,6,4,200,800),
(3327,'2025-11-29',12,28,19,4,25,100),
(3328,'2025-11-29',27,2,2,2,500,1000),
(3329,'2025-11-29',47,9,25,1,100,100),
(3330,'2025-11-30',44,37,6,2,150,300),
(3331,'2025-11-30',25,44,27,8,50,400),
(3332,'2025-11-30',65,14,12,8,50,400),
(3333,'2025-11-30',9,23,15,3,300,900),
(3334,'2025-11-30',10,28,19,7,25,175),
(3335,'2025-11-30',67,6,10,3,25,75),
(3336,'2025-11-30',64,7,8,2,25,50),
(3337,'2025-11-30',3,4,8,6,200,1200),
(3338,'2025-11-30',50,19,23,5,50,250),
(3339,'2025-11-30',21,23,10,2,300,600),
(3340,'2025-11-30',67,5,30,4,100,400),
(3341,'2025-12-01',52,33,20,5,100,500),
(3342,'2025-12-01',75,4,16,2,200,400),
(3343,'2025-12-01',5,17,11,1,75,75),
(3344,'2025-12-01',26,27,11,5,100,500),
(3345,'2025-12-01',18,49,7,1,50,50),
(3346,'2025-12-01',97,36,22,6,150,900),
(3347,'2025-12-01',64,4,3,4,200,800),
(3348,'2025-12-01',45,37,3,1,150,150),
(3349,'2025-12-01',71,27,16,2,100,200),
(3350,'2025-12-01',93,9,2,5,100,500),
(3351,'2025-12-01',64,7,17,1,25,25),
(3352,'2025-12-01',56,15,16,6,200,1200),
(3353,'2025-12-02',8,15,1,1,200,200),
(3354,'2025-12-02',69,50,20,4,25,100),
(3355,'2025-12-02',71,25,16,1,150,150),
(3356,'2025-12-02',99,4,13,7,200,1400),
(3357,'2025-12-02',56,45,23,3,50,150),
(3358,'2025-12-02',15,28,15,3,25,75),
(3359,'2025-12-02',46,8,7,6,100,600),
(3360,'2025-12-02',8,22,8,7,500,3500),
(3361,'2025-12-02',76,15,1,2,200,400),
(3362,'2025-12-02',96,15,25,7,200,1400),
(3363,'2025-12-03',2,37,28,1,150,150),
(3364,'2025-12-03',8,47,3,4,200,800),
(3365,'2025-12-03',57,4,6,3,200,600),
(3366,'2025-12-03',41,19,12,1,50,50),
(3367,'2025-12-03',38,39,5,4,50,200),
(3368,'2025-12-03',62,39,22,7,50,350),
(3369,'2025-12-03',10,8,9,2,100,200),
(3370,'2025-12-03',64,35,23,4,100,400),
(3371,'2025-12-03',29,48,15,6,500,3000),
(3372,'2025-12-03',47,46,25,5,150,750),
(3373,'2025-12-03',84,36,8,5,150,750),
(3374,'2025-12-03',41,34,23,5,300,1500),
(3375,'2025-12-04',7,33,12,2,100,200),
(3376,'2025-12-04',36,27,3,8,100,800),
(3377,'2025-12-04',67,14,8,3,50,150),
(3378,'2025-12-04',16,20,12,4,25,100),
(3379,'2025-12-04',5,47,8,3,200,600),
(3380,'2025-12-04',84,45,25,8,50,400),
(3381,'2025-12-04',3,30,16,2,75,150),
(3382,'2025-12-04',36,3,19,5,100,500),
(3383,'2025-12-04',11,25,2,5,150,750),
(3384,'2025-12-04',64,18,1,7,150,1050),
(3385,'2025-12-04',57,25,2,7,150,1050),
(3386,'2025-12-04',49,15,6,4,200,800),
(3387,'2025-12-05',85,35,10,1,100,100),
(3388,'2025-12-05',4,3,30,6,100,600),
(3389,'2025-12-05',34,39,26,6,50,300),
(3390,'2025-12-05',97,49,1,4,50,200),
(3391,'2025-12-05',55,22,26,7,500,3500),
(3392,'2025-12-05',14,47,18,1,200,200),
(3393,'2025-12-05',69,25,15,5,150,750),
(3394,'2025-12-05',21,28,13,5,25,125),
(3395,'2025-12-05',17,30,30,4,75,300),
(3396,'2025-12-05',88,1,9,5,150,750),
(3397,'2025-12-05',99,6,18,4,25,100),
(3398,'2025-12-06',5,22,20,7,500,3500),
(3399,'2025-12-06',35,18,22,6,150,900),
(3400,'2025-12-06',16,17,10,1,75,75),
(3401,'2025-12-06',34,37,28,6,150,900),
(3402,'2025-12-06',60,12,1,8,300,2400),
(3403,'2025-12-06',60,29,2,1,25,25),
(3404,'2025-12-06',82,23,28,8,300,2400),
(3405,'2025-12-06',53,36,2,4,150,600),
(3406,'2025-12-06',36,38,29,2,50,100),
(3407,'2025-12-06',9,40,15,6,150,900),
(3408,'2025-12-07',34,17,28,5,75,375),
(3409,'2025-12-07',30,32,21,3,100,300),
(3410,'2025-12-07',80,12,21,3,300,900),
(3411,'2025-12-07',15,4,21,4,200,800),
(3412,'2025-12-07',88,3,17,3,100,300),
(3413,'2025-12-07',6,29,18,6,25,150),
(3414,'2025-12-07',8,46,23,4,150,600),
(3415,'2025-12-07',3,17,22,5,75,375),
(3416,'2025-12-07',77,23,8,1,300,300),
(3417,'2025-12-08',65,7,15,2,25,50),
(3418,'2025-12-08',31,8,7,2,100,200),
(3419,'2025-12-08',88,21,14,6,100,600),
(3420,'2025-12-08',37,5,5,7,100,700),
(3421,'2025-12-08',78,2,26,6,500,3000),
(3422,'2025-12-08',53,24,29,6,300,1800),
(3423,'2025-12-08',61,42,10,6,150,900),
(3424,'2025-12-08',21,40,12,1,150,150),
(3425,'2025-12-08',20,3,30,5,100,500),
(3426,'2025-12-08',14,38,20,1,50,50),
(3427,'2025-12-09',28,21,13,6,100,600),
(3428,'2025-12-09',85,38,24,1,50,50),
(3429,'2025-12-09',98,10,21,7,100,700),
(3430,'2025-12-09',29,6,19,2,25,50),
(3431,'2025-12-09',69,33,24,7,100,700),
(3432,'2025-12-09',78,8,16,1,100,100),
(3433,'2025-12-09',41,43,9,8,150,1200),
(3434,'2025-12-09',32,13,11,5,300,1500),
(3435,'2025-12-09',30,16,15,6,100,600),
(3436,'2025-12-10',89,48,8,2,500,1000),
(3437,'2025-12-10',47,29,3,7,25,175),
(3438,'2025-12-10',47,23,21,2,300,600),
(3439,'2025-12-10',58,31,26,4,75,300),
(3440,'2025-12-10',73,27,27,4,100,400),
(3441,'2025-12-10',100,9,30,4,100,400),
(3442,'2025-12-10',78,27,9,3,100,300),
(3443,'2025-12-10',41,19,4,6,50,300),
(3444,'2025-12-10',54,6,17,7,25,175),
(3445,'2025-12-10',81,10,29,8,100,800),
(3446,'2025-12-11',2,12,6,8,300,2400),
(3447,'2025-12-11',34,8,25,7,100,700),
(3448,'2025-12-11',96,36,4,8,150,1200),
(3449,'2025-12-11',56,9,1,1,100,100),
(3450,'2025-12-11',10,45,5,3,50,150),
(3451,'2025-12-11',55,33,12,7,100,700),
(3452,'2025-12-11',90,9,18,7,100,700),
(3453,'2025-12-11',16,16,11,5,100,500),
(3454,'2025-12-11',93,22,2,2,500,1000),
(3455,'2025-12-12',58,48,30,6,500,3000),
(3456,'2025-12-12',95,27,27,8,100,800),
(3457,'2025-12-12',97,28,16,5,25,125),
(3458,'2025-12-12',94,45,6,3,50,150),
(3459,'2025-12-12',20,47,29,2,200,400),
(3460,'2025-12-12',87,1,21,6,150,900),
(3461,'2025-12-12',42,30,15,7,75,525),
(3462,'2025-12-12',99,12,4,5,300,1500),
(3463,'2025-12-13',44,20,2,8,25,200),
(3464,'2025-12-13',37,37,11,7,150,1050),
(3465,'2025-12-13',97,25,6,6,150,900),
(3466,'2025-12-13',95,10,29,1,100,100),
(3467,'2025-12-13',56,47,17,4,200,800),
(3468,'2025-12-13',13,18,12,6,150,900),
(3469,'2025-12-13',16,19,10,3,50,150),
(3470,'2025-12-13',57,18,8,8,150,1200),
(3471,'2025-12-13',34,11,20,5,100,500),
(3472,'2025-12-14',19,15,4,5,200,1000),
(3473,'2025-12-14',4,14,20,3,50,150),
(3474,'2025-12-14',1,3,16,4,100,400),
(3475,'2025-12-14',27,2,10,6,500,3000),
(3476,'2025-12-14',94,37,15,7,150,1050),
(3477,'2025-12-14',59,34,10,3,300,900),
(3478,'2025-12-14',57,8,29,2,100,200),
(3479,'2025-12-14',34,28,3,8,25,200),
(3480,'2025-12-15',46,18,26,2,150,300),
(3481,'2025-12-15',94,6,3,4,25,100),
(3482,'2025-12-15',65,21,11,3,100,300),
(3483,'2025-12-15',81,18,24,8,150,1200),
(3484,'2025-12-15',91,33,23,2,100,200),
(3485,'2025-12-15',56,21,4,1,100,100),
(3486,'2025-12-15',25,46,27,6,150,900),
(3487,'2025-12-15',82,36,21,1,150,150),
(3488,'2025-12-15',18,1,19,4,150,600),
(3489,'2025-12-16',34,15,16,4,200,800),
(3490,'2025-12-16',24,10,24,8,100,800),
(3491,'2025-12-16',17,32,7,5,100,500),
(3492,'2025-12-16',67,41,28,2,50,100),
(3493,'2025-12-16',1,47,14,4,200,800),
(3494,'2025-12-16',72,5,20,8,100,800),
(3495,'2025-12-16',5,14,14,3,50,150),
(3496,'2025-12-16',79,45,13,5,50,250),
(3497,'2025-12-16',82,41,12,4,50,200),
(3498,'2025-12-16',39,31,27,3,75,225),
(3499,'2025-12-16',86,15,16,5,200,1000),
(3500,'2025-12-17',77,41,12,7,50,350),
(3501,'2025-12-17',38,35,4,8,100,800),
(3502,'2025-12-17',97,15,25,2,200,400),
(3503,'2025-12-17',58,19,11,7,50,350),
(3504,'2025-12-17',15,16,6,7,100,700),
(3505,'2025-12-17',85,30,4,6,75,450),
(3506,'2025-12-17',91,23,5,7,300,2100),
(3507,'2025-12-17',63,50,20,8,25,200),
(3508,'2025-12-17',4,27,10,4,100,400),
(3509,'2025-12-17',53,18,2,4,150,600),
(3510,'2025-12-17',34,36,22,6,150,900),
(3511,'2025-12-18',57,27,14,7,100,700),
(3512,'2025-12-18',7,26,9,5,300,1500),
(3513,'2025-12-18',44,32,21,4,100,400),
(3514,'2025-12-18',58,3,14,5,100,500),
(3515,'2025-12-18',69,15,7,3,200,600),
(3516,'2025-12-18',79,50,20,2,25,50),
(3517,'2025-12-18',78,22,18,3,500,1500),
(3518,'2025-12-18',49,2,3,1,500,500),
(3519,'2025-12-18',46,50,25,6,25,150),
(3520,'2025-12-18',84,50,2,2,25,50),
(3521,'2025-12-19',69,14,7,6,50,300),
(3522,'2025-12-19',92,11,8,7,100,700),
(3523,'2025-12-19',48,19,11,3,50,150),
(3524,'2025-12-19',71,27,24,4,100,400),
(3525,'2025-12-19',5,16,28,1,100,100),
(3526,'2025-12-19',65,2,13,2,500,1000),
(3527,'2025-12-19',21,32,10,1,100,100),
(3528,'2025-12-19',30,20,21,1,25,25),
(3529,'2025-12-19',5,50,9,4,25,100),
(3530,'2025-12-19',49,48,21,2,500,1000),
(3531,'2025-12-19',95,26,29,3,300,900),
(3532,'2025-12-19',10,18,3,2,150,300),
(3533,'2025-12-20',3,47,1,7,200,1400),
(3534,'2025-12-20',13,48,24,3,500,1500),
(3535,'2025-12-20',25,38,27,7,50,350),
(3536,'2025-12-20',42,39,14,5,50,250),
(3537,'2025-12-20',39,33,9,1,100,100),
(3538,'2025-12-20',13,30,9,4,75,300),
(3539,'2025-12-20',49,42,10,8,150,1200),
(3540,'2025-12-20',29,28,14,2,25,50),
(3541,'2025-12-20',62,36,10,5,150,750),
(3542,'2025-12-20',49,45,1,4,50,200),
(3543,'2025-12-20',48,32,25,7,100,700),
(3544,'2025-12-20',58,35,8,2,100,200),
(3545,'2025-12-21',99,2,8,7,500,3500),
(3546,'2025-12-21',62,29,19,6,25,150),
(3547,'2025-12-21',43,7,5,5,25,125),
(3548,'2025-12-21',13,41,18,2,50,100),
(3549,'2025-12-21',63,11,19,4,100,400),
(3550,'2025-12-21',19,16,13,2,100,200),
(3551,'2025-12-21',67,40,24,8,150,1200),
(3552,'2025-12-21',8,37,25,4,150,600),
(3553,'2025-12-21',53,32,10,5,100,500),
(3554,'2025-12-21',20,48,2,6,500,3000),
(3555,'2025-12-21',1,21,9,7,100,700),
(3556,'2025-12-21',97,45,18,4,50,200),
(3557,'2025-12-22',41,35,21,8,100,800),
(3558,'2025-12-22',60,16,23,6,100,600),
(3559,'2025-12-22',14,31,14,2,75,150),
(3560,'2025-12-22',49,45,5,2,50,100),
(3561,'2025-12-22',21,49,17,1,50,50),
(3562,'2025-12-22',22,48,7,2,500,1000),
(3563,'2025-12-22',5,29,29,2,25,50),
(3564,'2025-12-22',22,28,21,8,25,200),
(3565,'2025-12-22',18,34,24,8,300,2400),
(3566,'2025-12-22',52,36,1,7,150,1050),
(3567,'2025-12-22',56,19,10,2,50,100),
(3568,'2025-12-23',79,34,29,6,300,1800),
(3569,'2025-12-23',19,24,10,3,300,900),
(3570,'2025-12-23',79,34,23,4,300,1200),
(3571,'2025-12-23',61,24,15,5,300,1500),
(3572,'2025-12-23',96,14,24,6,50,300),
(3573,'2025-12-23',68,9,23,3,100,300),
(3574,'2025-12-23',41,31,14,1,75,75),
(3575,'2025-12-23',61,12,3,3,300,900),
(3576,'2025-12-23',90,1,7,5,150,750),
(3577,'2025-12-23',69,13,15,2,300,600),
(3578,'2025-12-24',80,7,15,1,25,25),
(3579,'2025-12-24',9,39,12,3,50,150),
(3580,'2025-12-24',45,41,21,4,50,200),
(3581,'2025-12-24',36,1,10,4,150,600),
(3582,'2025-12-24',48,28,20,5,25,125),
(3583,'2025-12-24',33,50,18,7,25,175),
(3584,'2025-12-24',10,35,19,4,100,400),
(3585,'2025-12-24',94,10,7,2,100,200),
(3586,'2025-12-24',34,18,19,3,150,450),
(3587,'2025-12-24',67,7,19,3,25,75),
(3588,'2025-12-25',95,22,28,5,500,2500),
(3589,'2025-12-25',27,40,6,8,150,1200),
(3590,'2025-12-25',28,1,3,4,150,600),
(3591,'2025-12-25',19,40,6,3,150,450),
(3592,'2025-12-25',42,31,3,1,75,75),
(3593,'2025-12-25',66,4,26,3,200,600),
(3594,'2025-12-25',86,29,16,7,25,175),
(3595,'2025-12-25',65,21,25,5,100,500),
(3596,'2025-12-25',72,8,13,4,100,400),
(3597,'2025-12-25',91,25,16,7,150,1050),
(3598,'2025-12-25',67,23,11,5,300,1500),
(3599,'2025-12-26',22,6,21,4,25,100),
(3600,'2025-12-26',56,18,18,3,150,450),
(3601,'2025-12-26',89,29,26,8,25,200),
(3602,'2025-12-26',72,17,29,2,75,150),
(3603,'2025-12-26',23,28,1,6,25,150),
(3604,'2025-12-26',99,24,22,8,300,2400),
(3605,'2025-12-26',28,23,20,7,300,2100),
(3606,'2025-12-26',49,36,12,4,150,600),
(3607,'2025-12-26',26,12,15,1,300,300),
(3608,'2025-12-26',1,24,19,4,300,1200),
(3609,'2025-12-26',13,20,30,6,25,150),
(3610,'2025-12-26',65,24,30,5,300,1500),
(3611,'2025-12-27',5,39,21,5,50,250),
(3612,'2025-12-27',51,18,2,8,150,1200),
(3613,'2025-12-27',36,45,21,5,50,250),
(3614,'2025-12-27',92,4,30,1,200,200),
(3615,'2025-12-27',63,31,6,8,75,600),
(3616,'2025-12-27',5,31,12,2,75,150),
(3617,'2025-12-27',91,2,24,3,500,1500),
(3618,'2025-12-27',11,12,14,3,300,900),
(3619,'2025-12-28',82,4,23,8,200,1600),
(3620,'2025-12-28',13,4,28,6,200,1200),
(3621,'2025-12-28',25,35,21,5,100,500),
(3622,'2025-12-28',43,40,27,1,150,150),
(3623,'2025-12-28',91,44,6,6,50,300),
(3624,'2025-12-28',67,38,1,6,50,300),
(3625,'2025-12-28',54,43,27,7,150,1050),
(3626,'2025-12-28',9,43,7,1,150,150),
(3627,'2025-12-29',11,10,6,5,100,500),
(3628,'2025-12-29',36,29,20,1,25,25),
(3629,'2025-12-29',23,13,21,7,300,2100),
(3630,'2025-12-29',40,48,9,1,500,500),
(3631,'2025-12-29',16,36,11,6,150,900),
(3632,'2025-12-29',73,30,30,2,75,150),
(3633,'2025-12-29',15,30,30,2,75,150),
(3634,'2025-12-29',94,6,3,3,25,75),
(3635,'2025-12-29',76,12,21,6,300,1800),
(3636,'2025-12-29',2,2,7,3,500,1500),
(3637,'2025-12-29',59,41,3,6,50,300),
(3638,'2025-12-29',40,47,27,4,200,800),
(3639,'2025-12-30',40,48,2,3,500,1500),
(3640,'2025-12-30',23,25,9,5,150,750),
(3641,'2025-12-30',53,9,8,6,100,600),
(3642,'2025-12-30',26,13,6,5,300,1500),
(3643,'2025-12-30',90,19,15,5,50,250),
(3644,'2025-12-30',63,17,12,2,75,150),
(3645,'2025-12-30',45,38,25,6,50,300),
(3646,'2025-12-30',81,42,22,8,150,1200),
(3647,'2025-12-30',75,11,13,1,100,100),
(3648,'2025-12-31',90,35,14,4,100,400),
(3649,'2025-12-31',27,23,11,5,300,1500),
(3650,'2025-12-31',12,45,17,5,50,250),
(3651,'2025-12-31',34,50,7,4,25,100),
(3652,'2025-12-31',5,30,30,5,75,375),
(3653,'2025-12-31',61,8,5,3,100,300),
(3654,'2025-12-31',48,30,19,6,75,450),
(3655,'2025-12-31',42,25,23,1,150,150),
(3656,'2025-12-31',2,7,6,6,25,150);

INSERT INTO FinancialData VALUES
(1,'2025-01-01','Rent',4963.87,1),
(2,'2025-01-02','Utilities',4963.87,2),
(3,'2025-01-03','Marketing',4963.87,3),
(4,'2025-01-04','Travel',4963.87,4),
(5,'2025-01-05','Supplies',4963.87,5),
(6,'2025-01-06','Salary',4963.87,1),
(7,'2025-01-07','Rent',4963.87,2),
(8,'2025-01-08','Utilities',4963.87,3),
(9,'2025-01-09','Marketing',4963.87,4),
(10,'2025-01-10','Travel',4963.87,5),
(11,'2025-01-11','Supplies',4963.87,1),
(12,'2025-01-12','Salary',4963.87,2),
(13,'2025-01-13','Rent',4963.87,3),
(14,'2025-01-14','Utilities',4963.87,4),
(15,'2025-01-15','Marketing',4963.87,5),
(16,'2025-01-16','Travel',4963.87,1),
(17,'2025-01-17','Supplies',4963.87,2),
(18,'2025-01-18','Salary',4963.87,3),
(19,'2025-01-19','Rent',4963.87,4),
(20,'2025-01-20','Utilities',4963.87,5),
(21,'2025-01-21','Marketing',4963.87,1),
(22,'2025-01-22','Travel',4963.87,2),
(23,'2025-01-23','Supplies',4963.87,3),
(24,'2025-01-24','Salary',4963.87,4),
(25,'2025-01-25','Rent',4963.87,5),
(26,'2025-01-26','Utilities',4963.87,1),
(27,'2025-01-27','Marketing',4963.87,2),
(28,'2025-01-28','Travel',4963.87,3),
(29,'2025-01-29','Supplies',4963.87,4),
(30,'2025-01-30','Salary',4963.87,5),
(31,'2025-01-31','Rent',4963.90,1),
(32,'2025-02-01','Utilities',5094.25,2),
(33,'2025-02-02','Marketing',5094.25,3),
(34,'2025-02-03','Travel',5094.25,4),
(35,'2025-02-04','Supplies',5094.25,5),
(36,'2025-02-05','Salary',5094.25,1),
(37,'2025-02-06','Rent',5094.25,2),
(38,'2025-02-07','Utilities',5094.25,3),
(39,'2025-02-08','Marketing',5094.25,4),
(40,'2025-02-09','Travel',5094.25,5),
(41,'2025-02-10','Supplies',5094.25,1),
(42,'2025-02-11','Salary',5094.25,2),
(43,'2025-02-12','Rent',5094.25,3),
(44,'2025-02-13','Utilities',5094.25,4),
(45,'2025-02-14','Marketing',5094.25,5),
(46,'2025-02-15','Travel',5094.25,1),
(47,'2025-02-16','Supplies',5094.25,2),
(48,'2025-02-17','Salary',5094.25,3),
(49,'2025-02-18','Rent',5094.25,4),
(50,'2025-02-19','Utilities',5094.25,5),
(51,'2025-02-20','Marketing',5094.25,1),
(52,'2025-02-21','Travel',5094.25,2),
(53,'2025-02-22','Supplies',5094.25,3),
(54,'2025-02-23','Salary',5094.25,4),
(55,'2025-02-24','Rent',5094.25,5),
(56,'2025-02-25','Utilities',5094.25,1),
(57,'2025-02-26','Marketing',5094.25,2),
(58,'2025-02-27','Travel',5094.25,3),
(59,'2025-02-28','Supplies',5094.25,4),
(60,'2025-03-01','Salary',5296.05,5),
(61,'2025-03-02','Rent',5296.05,1),
(62,'2025-03-03','Utilities',5296.05,2),
(63,'2025-03-04','Marketing',5296.05,3),
(64,'2025-03-05','Travel',5296.05,4),
(65,'2025-03-06','Supplies',5296.05,5),
(66,'2025-03-07','Salary',5296.05,1),
(67,'2025-03-08','Rent',5296.05,2),
(68,'2025-03-09','Utilities',5296.05,3),
(69,'2025-03-10','Marketing',5296.05,4),
(70,'2025-03-11','Travel',5296.05,5),
(71,'2025-03-12','Supplies',5296.05,1),
(72,'2025-03-13','Salary',5296.05,2),
(73,'2025-03-14','Rent',5296.05,3),
(74,'2025-03-15','Utilities',5296.05,4),
(75,'2025-03-16','Marketing',5296.05,5),
(76,'2025-03-17','Travel',5296.05,1),
(77,'2025-03-18','Supplies',5296.05,2),
(78,'2025-03-19','Salary',5296.05,3),
(79,'2025-03-20','Rent',5296.05,4),
(80,'2025-03-21','Utilities',5296.05,5),
(81,'2025-03-22','Marketing',5296.05,1),
(82,'2025-03-23','Travel',5296.05,2),
(83,'2025-03-24','Supplies',5296.05,3),
(84,'2025-03-25','Salary',5296.05,4),
(85,'2025-03-26','Rent',5296.05,5),
(86,'2025-03-27','Utilities',5296.05,1),
(87,'2025-03-28','Marketing',5296.05,2),
(88,'2025-03-29','Travel',5296.05,3),
(89,'2025-03-30','Supplies',5296.05,4),
(90,'2025-03-31','Salary',5296.00,5),
(91,'2025-04-01','Rent',6120.62,1),
(92,'2025-04-02','Utilities',6120.62,2),
(93,'2025-04-03','Marketing',6120.62,3),
(94,'2025-04-04','Travel',6120.62,4),
(95,'2025-04-05','Supplies',6120.62,5),
(96,'2025-04-06','Salary',6120.62,1),
(97,'2025-04-07','Rent',6120.62,2),
(98,'2025-04-08','Utilities',6120.62,3),
(99,'2025-04-09','Marketing',6120.62,4),
(100,'2025-04-10','Travel',6120.62,5),
(101,'2025-04-11','Supplies',6120.62,1),
(102,'2025-04-12','Salary',6120.62,2),
(103,'2025-04-13','Rent',6120.62,3),
(104,'2025-04-14','Utilities',6120.62,4),
(105,'2025-04-15','Marketing',6120.62,5),
(106,'2025-04-16','Travel',6120.62,1),
(107,'2025-04-17','Supplies',6120.62,2),
(108,'2025-04-18','Salary',6120.62,3),
(109,'2025-04-19','Rent',6120.62,4),
(110,'2025-04-20','Utilities',6120.62,5),
(111,'2025-04-21','Marketing',6120.62,1),
(112,'2025-04-22','Travel',6120.62,2),
(113,'2025-04-23','Supplies',6120.62,3),
(114,'2025-04-24','Salary',6120.62,4),
(115,'2025-04-25','Rent',6120.62,5),
(116,'2025-04-26','Utilities',6120.62,1),
(117,'2025-04-27','Marketing',6120.62,2),
(118,'2025-04-28','Travel',6120.62,3),
(119,'2025-04-29','Supplies',6120.62,4),
(120,'2025-04-30','Salary',6120.77,5),
(121,'2025-05-01','Rent',5468.13,1),
(122,'2025-05-02','Utilities',5468.13,2),
(123,'2025-05-03','Marketing',5468.13,3),
(124,'2025-05-04','Travel',5468.13,4),
(125,'2025-05-05','Supplies',5468.13,5),
(126,'2025-05-06','Salary',5468.13,1),
(127,'2025-05-07','Rent',5468.13,2),
(128,'2025-05-08','Utilities',5468.13,3),
(129,'2025-05-09','Marketing',5468.13,4),
(130,'2025-05-10','Travel',5468.13,5),
(131,'2025-05-11','Supplies',5468.13,1),
(132,'2025-05-12','Salary',5468.13,2),
(133,'2025-05-13','Rent',5468.13,3),
(134,'2025-05-14','Utilities',5468.13,4),
(135,'2025-05-15','Marketing',5468.13,5),
(136,'2025-05-16','Travel',5468.13,1),
(137,'2025-05-17','Supplies',5468.13,2),
(138,'2025-05-18','Salary',5468.13,3),
(139,'2025-05-19','Rent',5468.13,4),
(140,'2025-05-20','Utilities',5468.13,5),
(141,'2025-05-21','Marketing',5468.13,1),
(142,'2025-05-22','Travel',5468.13,2),
(143,'2025-05-23','Supplies',5468.13,3),
(144,'2025-05-24','Salary',5468.13,4),
(145,'2025-05-25','Rent',5468.13,5),
(146,'2025-05-26','Utilities',5468.13,1),
(147,'2025-05-27','Marketing',5468.13,2),
(148,'2025-05-28','Travel',5468.13,3),
(149,'2025-05-29','Supplies',5468.13,4),
(150,'2025-05-30','Salary',5468.13,5),
(151,'2025-05-31','Rent',5468.10,1),
(152,'2025-06-01','Utilities',5306.83,2),
(153,'2025-06-02','Marketing',5306.83,3),
(154,'2025-06-03','Travel',5306.83,4),
(155,'2025-06-04','Supplies',5306.83,5),
(156,'2025-06-05','Salary',5306.83,1),
(157,'2025-06-06','Rent',5306.83,2),
(158,'2025-06-07','Utilities',5306.83,3),
(159,'2025-06-08','Marketing',5306.83,4),
(160,'2025-06-09','Travel',5306.83,5),
(161,'2025-06-10','Supplies',5306.83,1),
(162,'2025-06-11','Salary',5306.83,2),
(163,'2025-06-12','Rent',5306.83,3),
(164,'2025-06-13','Utilities',5306.83,4),
(165,'2025-06-14','Marketing',5306.83,5),
(166,'2025-06-15','Travel',5306.83,1),
(167,'2025-06-16','Supplies',5306.83,2),
(168,'2025-06-17','Salary',5306.83,3),
(169,'2025-06-18','Rent',5306.83,4),
(170,'2025-06-19','Utilities',5306.83,5),
(171,'2025-06-20','Marketing',5306.83,1),
(172,'2025-06-21','Travel',5306.83,2),
(173,'2025-06-22','Supplies',5306.83,3),
(174,'2025-06-23','Salary',5306.83,4),
(175,'2025-06-24','Rent',5306.83,5),
(176,'2025-06-25','Utilities',5306.83,1),
(177,'2025-06-26','Marketing',5306.83,2),
(178,'2025-06-27','Travel',5306.83,3),
(179,'2025-06-28','Supplies',5306.83,4),
(180,'2025-06-29','Salary',5306.83,5),
(181,'2025-06-30','Rent',5306.93,1),
(182,'2025-07-01','Utilities',5634.65,2),
(183,'2025-07-02','Marketing',5634.65,3),
(184,'2025-07-03','Travel',5634.65,4),
(185,'2025-07-04','Supplies',5634.65,5),
(186,'2025-07-05','Salary',5634.65,1),
(187,'2025-07-06','Rent',5634.65,2),
(188,'2025-07-07','Utilities',5634.65,3),
(189,'2025-07-08','Marketing',5634.65,4),
(190,'2025-07-09','Travel',5634.65,5),
(191,'2025-07-10','Supplies',5634.65,1),
(192,'2025-07-11','Salary',5634.65,2),
(193,'2025-07-12','Rent',5634.65,3),
(194,'2025-07-13','Utilities',5634.65,4),
(195,'2025-07-14','Marketing',5634.65,5),
(196,'2025-07-15','Travel',5634.65,1),
(197,'2025-07-16','Supplies',5634.65,2),
(198,'2025-07-17','Salary',5634.65,3),
(199,'2025-07-18','Rent',5634.65,4),
(200,'2025-07-19','Utilities',5634.65,5),
(201,'2025-07-20','Marketing',5634.65,1),
(202,'2025-07-21','Travel',5634.65,2),
(203,'2025-07-22','Supplies',5634.65,3),
(204,'2025-07-23','Salary',5634.65,4),
(205,'2025-07-24','Rent',5634.65,5),
(206,'2025-07-25','Utilities',5634.65,1),
(207,'2025-07-26','Marketing',5634.65,2),
(208,'2025-07-27','Travel',5634.65,3),
(209,'2025-07-28','Supplies',5634.65,4),
(210,'2025-07-29','Salary',5634.65,5),
(211,'2025-07-30','Rent',5634.65,1),
(212,'2025-07-31','Utilities',5634.75,2),
(213,'2025-08-01','Marketing',7248.97,3),
(214,'2025-08-02','Travel',7248.97,4),
(215,'2025-08-03','Supplies',7248.97,5),
(216,'2025-08-04','Salary',7248.97,1),
(217,'2025-08-05','Rent',7248.97,2),
(218,'2025-08-06','Utilities',7248.97,3),
(219,'2025-08-07','Marketing',7248.97,4),
(220,'2025-08-08','Travel',7248.97,5),
(221,'2025-08-09','Supplies',7248.97,1),
(222,'2025-08-10','Salary',7248.97,2),
(223,'2025-08-11','Rent',7248.97,3),
(224,'2025-08-12','Utilities',7248.97,4),
(225,'2025-08-13','Marketing',7248.97,5),
(226,'2025-08-14','Travel',7248.97,1),
(227,'2025-08-15','Supplies',7248.97,2),
(228,'2025-08-16','Salary',7248.97,3),
(229,'2025-08-17','Rent',7248.97,4),
(230,'2025-08-18','Utilities',7248.97,5),
(231,'2025-08-19','Marketing',7248.97,1),
(232,'2025-08-20','Travel',7248.97,2),
(233,'2025-08-21','Supplies',7248.97,3),
(234,'2025-08-22','Salary',7248.97,4),
(235,'2025-08-23','Rent',7248.97,5),
(236,'2025-08-24','Utilities',7248.97,1),
(237,'2025-08-25','Marketing',7248.97,2),
(238,'2025-08-26','Travel',7248.97,3),
(239,'2025-08-27','Supplies',7248.97,4),
(240,'2025-08-28','Salary',7248.97,5),
(241,'2025-08-29','Rent',7248.97,1),
(242,'2025-08-30','Utilities',7248.97,2),
(243,'2025-08-31','Marketing',7248.90,3),
(244,'2025-09-01','Travel',5538.46,4),
(245,'2025-09-02','Supplies',5538.46,5),
(246,'2025-09-03','Salary',5538.46,1),
(247,'2025-09-04','Rent',5538.46,2),
(248,'2025-09-05','Utilities',5538.46,3),
(249,'2025-09-06','Marketing',5538.46,4),
(250,'2025-09-07','Travel',5538.46,5),
(251,'2025-09-08','Supplies',5538.46,1),
(252,'2025-09-09','Salary',5538.46,2),
(253,'2025-09-10','Rent',5538.46,3),
(254,'2025-09-11','Utilities',5538.46,4),
(255,'2025-09-12','Marketing',5538.46,5),
(256,'2025-09-13','Travel',5538.46,1),
(257,'2025-09-14','Supplies',5538.46,2),
(258,'2025-09-15','Salary',5538.46,3),
(259,'2025-09-16','Rent',5538.46,4),
(260,'2025-09-17','Utilities',5538.46,5),
(261,'2025-09-18','Marketing',5538.46,1),
(262,'2025-09-19','Travel',5538.46,2),
(263,'2025-09-20','Supplies',5538.46,3),
(264,'2025-09-21','Salary',5538.46,4),
(265,'2025-09-22','Rent',5538.46,5),
(266,'2025-09-23','Utilities',5538.46,1),
(267,'2025-09-24','Marketing',5538.46,2),
(268,'2025-09-25','Travel',5538.46,3),
(269,'2025-09-26','Supplies',5538.46,4),
(270,'2025-09-27','Salary',5538.46,5),
(271,'2025-09-28','Rent',5538.46,1),
(272,'2025-09-29','Utilities',5538.46,2),
(273,'2025-09-30','Marketing',5538.41,3),
(274,'2025-10-01','Travel',5548.26,4),
(275,'2025-10-02','Supplies',5548.26,5),
(276,'2025-10-03','Salary',5548.26,1),
(277,'2025-10-04','Rent',5548.26,2),
(278,'2025-10-05','Utilities',5548.26,3),
(279,'2025-10-06','Marketing',5548.26,4),
(280,'2025-10-07','Travel',5548.26,5),
(281,'2025-10-08','Supplies',5548.26,1),
(282,'2025-10-09','Salary',5548.26,2),
(283,'2025-10-10','Rent',5548.26,3),
(284,'2025-10-11','Utilities',5548.26,4),
(285,'2025-10-12','Marketing',5548.26,5),
(286,'2025-10-13','Travel',5548.26,1),
(287,'2025-10-14','Supplies',5548.26,2),
(288,'2025-10-15','Salary',5548.26,3),
(289,'2025-10-16','Rent',5548.26,4),
(290,'2025-10-17','Utilities',5548.26,5),
(291,'2025-10-18','Marketing',5548.26,1),
(292,'2025-10-19','Travel',5548.26,2),
(293,'2025-10-20','Supplies',5548.26,3),
(294,'2025-10-21','Salary',5548.26,4),
(295,'2025-10-22','Rent',5548.26,5),
(296,'2025-10-23','Utilities',5548.26,1),
(297,'2025-10-24','Marketing',5548.26,2),
(298,'2025-10-25','Travel',5548.26,3),
(299,'2025-10-26','Supplies',5548.26,4),
(300,'2025-10-27','Salary',5548.26,5),
(301,'2025-10-28','Rent',5548.26,1),
(302,'2025-10-29','Utilities',5548.26,2),
(303,'2025-10-30','Marketing',5548.26,3),
(304,'2025-10-31','Travel',5548.20,4),
(305,'2025-11-01','Supplies',5596.27,5),
(306,'2025-11-02','Salary',5596.27,1),
(307,'2025-11-03','Rent',5596.27,2),
(308,'2025-11-04','Utilities',5596.27,3),
(309,'2025-11-05','Marketing',5596.27,4),
(310,'2025-11-06','Travel',5596.27,5),
(311,'2025-11-07','Supplies',5596.27,1),
(312,'2025-11-08','Salary',5596.27,2),
(313,'2025-11-09','Rent',5596.27,3),
(314,'2025-11-10','Utilities',5596.27,4),
(315,'2025-11-11','Marketing',5596.27,5),
(316,'2025-11-12','Travel',5596.27,1),
(317,'2025-11-13','Supplies',5596.27,2),
(318,'2025-11-14','Salary',5596.27,3),
(319,'2025-11-15','Rent',5596.27,4),
(320,'2025-11-16','Utilities',5596.27,5),
(321,'2025-11-17','Marketing',5596.27,1),
(322,'2025-11-18','Travel',5596.27,2),
(323,'2025-11-19','Supplies',5596.27,3),
(324,'2025-11-20','Salary',5596.27,4),
(325,'2025-11-21','Rent',5596.27,5),
(326,'2025-11-22','Utilities',5596.27,1),
(327,'2025-11-23','Marketing',5596.27,2),
(328,'2025-11-24','Travel',5596.27,3),
(329,'2025-11-25','Supplies',5596.27,4),
(330,'2025-11-26','Salary',5596.27,5),
(331,'2025-11-27','Rent',5596.27,1),
(332,'2025-11-28','Utilities',5596.27,2),
(333,'2025-11-29','Marketing',5596.27,3),
(334,'2025-11-30','Travel',5596.42,4),
(335,'2025-12-01','Supplies',5808.65,5),
(336,'2025-12-02','Salary',5808.65,1),
(337,'2025-12-03','Rent',5808.65,2),
(338,'2025-12-04','Utilities',5808.65,3),
(339,'2025-12-05','Marketing',5808.65,4),
(340,'2025-12-06','Travel',5808.65,5),
(341,'2025-12-07','Supplies',5808.65,1),
(342,'2025-12-08','Salary',5808.65,2),
(343,'2025-12-09','Rent',5808.65,3),
(344,'2025-12-10','Utilities',5808.65,4),
(345,'2025-12-11','Marketing',5808.65,5),
(346,'2025-12-12','Travel',5808.65,1),
(347,'2025-12-13','Supplies',5808.65,2),
(348,'2025-12-14','Salary',5808.65,3),
(349,'2025-12-15','Rent',5808.65,4),
(350,'2025-12-16','Utilities',5808.65,5),
(351,'2025-12-17','Marketing',5808.65,1),
(352,'2025-12-18','Travel',5808.65,2),
(353,'2025-12-19','Supplies',5808.65,3),
(354,'2025-12-20','Salary',5808.65,4),
(355,'2025-12-21','Rent',5808.65,5),
(356,'2025-12-22','Utilities',5808.65,1),
(357,'2025-12-23','Marketing',5808.65,2),
(358,'2025-12-24','Travel',5808.65,3),
(359,'2025-12-25','Supplies',5808.65,4),
(360,'2025-12-26','Salary',5808.65,5),
(361,'2025-12-27','Rent',5808.65,1),
(362,'2025-12-28','Utilities',5808.65,2),
(363,'2025-12-29','Marketing',5808.65,3),
(364,'2025-12-30','Travel',5808.65,4),
(365,'2025-12-31','Supplies',5808.75,5);


